  0 |  0.30465305452880465|  0.18697960039208603
  1 |  0.19075170223370558|  0.18686134061719056
  2 |  0.19002568582781462|  0.1874982345973448
  3 |  0.1893182631357615|  0.1867135586130562
  4 |  0.19012397937857883|  0.18692616389037003
  5 |  0.18998898807375827|  0.1905313414403918
  6 |  0.18990106657263264|  0.18631521830415881
  7 |  0.18884192641939235|  0.1846923702892178
  8 |  0.18744178693115146|  0.18385101253429748
  9 |  0.18428875083701754|  0.18205221439192884
  10 |  0.1808127081438104|  0.1773648267629173
  11 |  0.1772763807359534|  0.1703522229983353
  12 |  0.17142650559286052|  0.1670055992393843
  13 |  0.16637941512943477|  0.16094292271481628
  14 |  0.16309066728406632|  0.16757168133324246
  15 |  0.15931644128056244|  0.15730294253228488
  16 |  0.15611701989107066|  0.15257619045803944
  17 |  0.15331854606965353|  0.14988147267319302
  18 |  0.15097654584421255|  0.14750027350914807
  19 |  0.14790513600914654|  0.14627624279763798
  20 |  0.14588483751211695|  0.1439721846511688
  21 |  0.1438150378536153|  0.14879924343499729
  22 |  0.1412615954114238|  0.14103575223796055
  23 |  0.138583711263676|  0.14079057064022804
  24 |  0.1371145117986562|  0.13729461277806682
  25 |  0.13454056887699242|  0.13552421002021622
  26 |  0.13280936497830853|  0.13572461602298933
  27 |  0.13153972924959223|  0.13273177520556081
  28 |  0.12927862757234257|  0.13139400472618254
  29 |  0.12732627920619244|  0.1298454460164306
  30 |  0.1257065063605773|  0.12800449180868678
  31 |  0.12010983298977451|  0.11659213348580266
  32 |  0.11439079431634269|  0.11830987036735087
  33 |  0.11002644399575406|  0.108112510684747
  34 |  0.10922909799345898|  0.10251538007385504
  35 |  0.10080729031721758|  0.0971042919373383
  36 |  0.09426758231791586|  0.09710524531766794
  37 |  0.08513351800454567|  0.07188570965438515
  38 |  0.07567658975594328|  0.0706828773044293
  39 |  0.06697367470335176|  0.06205883329087506
  40 |  0.0616131082731058|  0.055575259271156356
  41 |  0.05650420144287085|  0.05266594954852312
  42 |  0.05467701310186902|  0.048923011246803434
  43 |  0.05385303200554159|  0.05302073580220794
  44 |  0.052372900715801994|  0.05012809782405036
  45 |  0.0519357309851681|  0.049342621485995344
  46 |  0.04985833802215374|  0.04841937521303435
  47 |  0.049946264154921136|  0.06385724445436342
  48 |  0.04959420052358324|  0.04355640541813195
  49 |  0.04795726000802075|  0.0435017667022038
  50 |  0.046903065219479484|  0.04487262216645058
  51 |  0.0454084815806513|  0.07661910566697712
  52 |  0.045196883961079876|  0.04291269274938657
  53 |  0.04435565985762677|  0.042239056186142224
  54 |  0.04533160917112008|  0.03964015231256518
  55 |  0.044250103955209896|  0.04046546280835669
  56 |  0.04284734224004094|  0.03892655150261387
  57 |  0.04133163762158383|  0.09818518851369235
  58 |  0.04204618637243465|  0.04008607450464506
  59 |  0.04073719126259622|  0.0379680473046986
  60 |  0.041611486863269584|  0.03875199602526279
  61 |  0.04041150106177239|  0.04515839368763125
  62 |  0.039555328229869374|  0.03792368135254981
  63 |  0.039941020335142186|  0.040541737215994404
  64 |  0.03968587357406296|  0.035639106992666446
  65 |  0.03762364677245197|  0.03903041677260332
  66 |  0.03832473579539645|  0.035213872602674556
  67 |  0.034155135375015654|  0.03702599566191083
  68 |  0.034942594009162546|  0.039305093128586564
  69 |  0.03481975768670299|  0.03520074288838246
  70 |  0.0344539339213781|  0.03381009311033565
  71 |  0.03368983496449787|  0.03314093770793026
  72 |  0.03346750505761541|  0.03491934119290775
  73 |  0.03161669427900004|  0.034450549928668646
  74 |  0.03212088572597109|  0.0354321965490481
  75 |  0.03135627519909232|  0.04805532115539899
  76 |  0.03037851358413368|  0.030908996561131226
  77 |  0.03211244509239978|  0.03589916449054613
  78 |  0.029391833772345742|  0.0297995407821419
  79 |  0.030072896209005|  0.03398092406703514
  80 |  0.029879835542597825|  0.07100868654170069
  81 |  0.029106437208960802|  0.03599653860332151
  82 |  0.028885832834452625|  0.04322564838657246
  83 |  0.02920715484156514|  0.031119154265772143
  84 |  0.027313573246676843|  0.035144353554547245
  85 |  0.030200470313161837|  0.030472439875735006
  86 |  0.028356990793158947|  0.03660582623622169
  87 |  0.026642866025474207|  0.03634270180162515
  88 |  0.02708516103737791|  0.03165801767429702
  89 |  0.0263154077079055|  0.03606851585866517
  90 |  0.027696385176989458|  0.028922622972546854
  91 |  0.02661281323336855|  0.02973116624082464
  92 |  0.025208057775758654|  0.02846309726007807
  93 |  0.027168777993984605|  0.03843146779964253
  94 |  0.02589990296985907|  0.030794612710390582
  95 |  0.02646558162989935|  0.02898859073733679
  96 |  0.025978074137967898|  0.027880421144437884
  97 |  0.023990089570437058|  0.028653344167438692
  98 |  0.02584076655570804|  0.028927048844250885
  99 |  0.025039845650438392|  0.030040929933569622
  100 |  0.024349016086708038|  0.03776678443281705
  101 |  0.0258870739298213|  0.040126453755842374
  102 |  0.024543490394641054|  0.028386176277134738
  103 |  0.024072820041677174|  0.03386291693362704
  104 |  0.024452929279078654|  0.02895608644965303
  105 |  0.02367452970681902|  0.027547485688477154
  106 |  0.02395940147186665|  0.029105273747345138
  107 |  0.022645214930724623|  0.03577235264817245
  108 |  0.024367756096455383|  0.046664689128907415
  109 |  0.023843775120120935|  0.029398040300609635
  110 |  0.02271664833329028|  0.028386258848857086
  111 |  0.024205238267385618|  0.05732194187978167
  112 |  0.02270089586213256|  0.05744114410693924
  113 |  0.021803466023368086|  0.029870615710098858
  114 |  0.022997329946906314|  0.03982879004111051
  115 |  0.022526131404252393|  0.028695773489976432
  116 |  0.021730034607452133|  0.0304435706062506
  117 |  0.022542550596363915|  0.030569423667073672
  118 |  0.02130948112182746|  0.028864104297513737
  119 |  0.023009601442058117|  0.02986283297327714
  120 |  0.021415847371560687|  0.031267613128388085
  121 |  0.02082219604257503|  0.03200317599698644
  122 |  0.02092020004222067|  0.030719548449560798
  123 |  0.021084552193572935|  0.03793165177692223
  124 |  0.021915694303971087|  0.029792522925598097
  125 |  0.021601401221645902|  0.030193649097934608
  126 |  0.0201628426434906|  0.026984815429595976
  127 |  0.02077363324311618|  0.030114540581946115
  128 |  0.0207827792306837|  0.028030885761286668
  129 |  0.021816302334233442|  0.027728772928106604
  130 |  0.01996168186454234|  0.03200833580581111
  131 |  0.021590521609357184|  0.029256274393104274
  132 |  0.01971656272443319|  0.03240758171235282
  133 |  0.020378462128340352|  0.02683466482527666
  134 |  0.02050278029114052|  0.028048429078471323
  135 |  0.01974154498238294|  0.06118114336069947
  136 |  0.019264059855528287|  0.026807510099170317
  137 |  0.019833987020387515|  0.027969957095191775
  138 |  0.019978239352946788|  0.04053261178082957
  139 |  0.02012480675343402|  0.026989825268707312
  140 |  0.01965563541929549|  0.026193863154134755
  141 |  0.019658759487201853|  0.039807089258251625
  142 |  0.019804619593516697|  0.02815495720865815
  143 |  0.019819878901575386|  0.02816900902996885
  144 |  0.0200636649805626|  0.03245241361159536
  145 |  0.018999784806222657|  0.02575823398781217
  146 |  0.020352771612571936|  0.025997245227349846
  147 |  0.019150974323062824|  0.03645499574623862
  148 |  0.01890165151254819|  0.03330651848139689
  149 |  0.01924912638519482|  0.031183681316354992
  150 |  0.01912926102330417|  0.02986319518641615
  151 |  0.01811378593658027|  0.05399360940800583
  152 |  0.0194335715261587|  0.028677757984821133
  153 |  0.019942170729337183|  0.02888011533274841
  154 |  0.019979071811578302|  0.04378755947459119
  155 |  0.018684184090703177|  0.026472320002475184
  156 |  0.0185463791591786|  0.03150574169198759
  157 |  0.01773415250420275|  0.026923603678379246
  158 |  0.01795280843718455|  0.027123311213616403
  159 |  0.018837529108034486|  0.027169186446381933
  160 |  0.017711811263114243|  0.030200647179495152
  161 |  0.018606455349697164|  0.028531432557115252
  162 |  0.019392303787376858|  0.029743094901222636
  163 |  0.018172463421005782|  0.02949461877645374
  164 |  0.01844007217803715|  0.027840043801271527
  165 |  0.01851722478513036|  0.025374428076000495
  166 |  0.018035912917619638|  0.026189236122602846
  167 |  0.017339634304058375|  0.043983170138622074
  168 |  0.018196401120916358|  0.027604738303334195
  169 |  0.01704909174318678|  0.026357003242497106
  170 |  0.017056580478105435|  0.028116228872451625
  171 |  0.017069745005812285|  0.025546677902858427
  172 |  0.01815345844255795|  0.02825741555393872
  173 |  0.01830602203098313|  0.03176047834710318
  174 |  0.017103535517675135|  0.029787981126010183
  175 |  0.018017516977250493|  0.028809278330358366
  176 |  0.017324101925579247|  0.028822957155654874
  177 |  0.017955587534257578|  0.025972237724722045
  178 |  0.017077991674275872|  0.027950538781247175
  179 |  0.01693054227919479|  0.030813392377914778
  180 |  0.018290076858996744|  0.025167875263151573
  181 |  0.017753276893701403|  0.04341608573155903
  182 |  0.016716250641379424|  0.026060858773960957
  183 |  0.016802126676014578|  0.02629190236988638
  184 |  0.016573851635508025|  0.03034338262800462
  185 |  0.016336023633264085|  0.03031808146932018
  186 |  0.01697296610449548|  0.02562874721017518
  187 |  0.016725318745397916|  0.03038196982247299
  188 |  0.016910213065520818|  0.03233717162193614
  189 |  0.016656080298174777|  0.028550247739461014
  190 |  0.017246134991880532|  0.03301504719596818
  191 |  0.016403882950805908|  0.03209007387980878
  192 |  0.016286044988665947|  0.026051321444575126
  193 |  0.01732970374096556|  0.02510623178894616
  194 |  0.015981590716182187|  0.025626424788027354
  195 |  0.0164000738213875|  0.026918384496844704
  196 |  0.016675594651660235|  0.026347921847242387
  197 |  0.015983351449498993|  0.026388861037515515
  198 |  0.01653945412461967|  0.028082235149378427
  199 |  0.016051407376604834|  0.03947414877202725
  200 |  0.015792423858709482|  0.025429722974573073
  201 |  0.01629648401521594|  0.029250830362206784
  202 |  0.01642475817908946|  0.042870259340537786
  203 |  0.015816287347311532|  0.02755678940088955
  204 |  0.014849049884483151|  0.029796438433494173
  205 |  0.015654741319084814|  0.027640003746021997
  206 |  0.016711065454738425|  0.02562596818859743
  207 |  0.016405890407754233|  0.027240463916083313
  208 |  0.016066247565249797|  0.033537711727976365
  209 |  0.016500100616156702|  0.028121303165767064
  210 |  0.015284323299206001|  0.03234505333873102
  211 |  0.015241694865624184|  0.029272560157038663
  212 |  0.015564597373877569|  0.027582278529946564
  213 |  0.015652073059876037|  0.027952691360603694
  214 |  0.01570084542144831|  0.030540167189184137
  215 |  0.01573095831016999|  0.028796291244601747
  216 |  0.015626266943846022|  0.02795651861409454
  217 |  0.015848156077503384|  0.04200656884986226
  218 |  0.015356622460948039|  0.025070114923000222
  219 |  0.015882846761056422|  0.030163146025802803
  220 |  0.014718856994885909|  0.025028324881907208
  221 |  0.01582853931764859|  0.02859373196466532
  222 |  0.014746316722832175|  0.02843296633714569
  223 |  0.016295314690388564|  0.025999926070255825
  224 |  0.015306825383307998|  0.02536419213134165
  225 |  0.014710348361095638|  0.026371175173868517
  226 |  0.015103655977343413|  0.02639122457503694
  227 |  0.014896646952314508|  0.025775801249936694
  228 |  0.014444019238225695|  0.03511765080200491
  229 |  0.014588137743847719|  0.027830154176631382
  230 |  0.01657124560346093|  0.036362944318735956
  231 |  0.014848952180177994|  0.02575675999593134
  232 |  0.014953671194259558|  0.026832098004983762
  233 |  0.014841496318566998|  0.03134612486526074
  234 |  0.015390987511156326|  0.027062716906702023
  235 |  0.01572360957416909|  0.02774668815316441
  236 |  0.014310870121850628|  0.037344049120592124
  237 |  0.0152310130078929|  0.04273805700876673
  238 |  0.013588153346582027|  0.02605089590191198
  239 |  0.01662319720566352|  0.026306711446258905
  240 |  0.014264899657307666|  0.03589172115909339
  241 |  0.015484693170811073|  0.02990634456347291
  242 |  0.014048779005221085|  0.027421760757162947
  243 |  0.01509569828673867|  0.031891158696614776
  244 |  0.01534588627121118|  0.036464617014379204
  245 |  0.015571172414118699|  0.026942315608810614
  246 |  0.014312118757582312|  0.025078148816884634
  247 |  0.015587223750757002|  0.031247190908653907
  248 |  0.014170338094369803|  0.027949177361652897
  249 |  0.015584676557579932|  0.025989781827891644
  250 |  0.014620064127625704|  0.02591576818082726
  251 |  0.014877362270863899|  0.02614864034966064
  252 |  0.013302915929953365|  0.02547103231095867
  253 |  0.014833616693017854|  0.025051851853856385
  254 |  0.014333002020680932|  0.02545651556295842
  255 |  0.013177955956098053|  0.02833327452426476
  256 |  0.016132551394198353|  0.025047609646008624
  257 |  0.012581472573870133|  0.027049084140628905
  258 |  0.015531195082728697|  0.027302096434927932
  259 |  0.014089601247418485|  0.025903235005609208
  260 |  0.013348101614778205|  0.025801699398555814
  261 |  0.01510832787288933|  0.03152507049519475
  262 |  0.01365436409472056|  0.03772347092255517
  263 |  0.013227496161597053|  0.02585560487390296
  264 |  0.013134969846023695|  0.031200038951139403
  265 |  0.014712869982941423|  0.026672500694413993
  266 |  0.013981111203092216|  0.02603102767731251
  267 |  0.013916306886425478|  0.03380851372211084
  268 |  0.01419325107328332|  0.025705806499616127
  269 |  0.012997679337443023|  0.027962631626342677
  270 |  0.013869273649109577|  0.027991561091698976
  271 |  0.014925825275490221|  0.03011411630362156
  272 |  0.013571016889624225|  0.03380143201577237
  273 |  0.01430127982503452|  0.03065205950249491
  274 |  0.014576979975351838|  0.0320125092492203
  275 |  0.013149944891916716|  0.0264849910618644
  276 |  0.01379227117898938|  0.02718217585881653
  277 |  0.013750679216491936|  0.030265311671216686
  278 |  0.013197175985039519|  0.029319176672100357
  279 |  0.01392767084595972|  0.02555318580961945
  280 |  0.013641962874349942|  0.029612403270120477
  281 |  0.013098769462579651|  0.02743584600004182
  282 |  0.013858610864865731|  0.026139045633934765
  283 |  0.014540623304778698|  0.031101213265971213
  284 |  0.01336541165022556|  0.025706680113404195
  285 |  0.014501198585493796|  0.030505910961942377
  286 |  0.013584245359115617|  0.027234387402649007
  287 |  0.012979854946019883|  0.032947014412355195
  288 |  0.01579907665851408|  0.0266215193051169
  289 |  0.011823561789957453|  0.036414314458165266
  290 |  0.013728276729205095|  0.03137354907455834
  291 |  0.012143205106004742|  0.026105267272607074
  292 |  0.01320229466707181|  0.027245494814200022
  293 |  0.013577272793976542|  0.028392487813199554
  294 |  0.014456220681234573|  0.025594596459163944
  295 |  0.012475942725472393|  0.026291203506207915
  296 |  0.013400307471939214|  0.05111855386401896
  297 |  0.014855854888554154|  0.02557171957483817
  298 |  0.013672883873543805|  0.03772341185496413
  299 |  0.012542988180369708|  0.025771258895332685
  300 |  0.012593190429723792|  0.027447252826798392
  301 |  0.012663926156809956|  0.029534789825125165
  302 |  0.01388008531233572|  0.025340331238405348
  303 |  0.013515796740615574|  0.026024287172554176
  304 |  0.012550298509349389|  0.027549088154229042
  305 |  0.013163826987893382|  0.025707505801831575
  306 |  0.01307230153946019|  0.031186383506135073
  307 |  0.013837851963132154|  0.029579533373037738
  308 |  0.011829590244761544|  0.02621458928272074
  309 |  0.014255298545054222|  0.0255911186573241
  310 |  0.013539540540410103|  0.02657744172489553
  311 |  0.011841229651944122|  0.026910411351207163
  312 |  0.012818404360360351|  0.02825383441391376
  313 |  0.012190680467623383|  0.028376765862966034
  314 |  0.012996399568847477|  0.02916542016003679
  315 |  0.012155258626522182|  0.029677681465658634
  316 |  0.013171632421080314|  0.02739780762130249
  317 |  0.014478880901355658|  0.02607194456498602
  318 |  0.011992268936683932|  0.02575386956296922
  319 |  0.012326929135297931|  0.0329535743504605
  320 |  0.012394255125704235|  0.029511479017251863
  321 |  0.013097402036025564|  0.026017747724612846
  322 |  0.013818734726618901|  0.027446562699963702
  323 |  0.01267913552747753|  0.034106583744667705
  324 |  0.01278660547006539|  0.02749543917720155
  325 |  0.012366982270623363|  0.032251991922142224
  326 |  0.01219973224384138|  0.027386606422401177
  327 |  0.013120388815726702|  0.039075809734896993
  328 |  0.011841994689196783|  0.02624679663870556
  329 |  0.012202980117922105|  0.02726504153414339
  330 |  0.013238188711152071|  0.025493133941165622
  331 |  0.013170367580266986|  0.026435305008029535
  332 |  0.012427388110663152|  0.02605533188314941
  333 |  0.012514095973184427|  0.02858684797288257
  334 |  0.012695463127869774|  0.025265310365468283
  335 |  0.01205047976786069|  0.02734261670061127
  336 |  0.01183655539948118|  0.02786992845439336
  337 |  0.011959254165377962|  0.025952461537662716
  338 |  0.012580845200328667|  0.027670050610492707
  339 |  0.013105623076320865|  0.037267257799533215
  340 |  0.012393954575916083|  0.04144428620784015
  341 |  0.011427880030032398|  0.02961498734215219
  342 |  0.013696753351860493|  0.03777328316525771
  343 |  0.012823947175515715|  0.026138221734812495
  344 |  0.013435640981533811|  0.0326742047877839
  345 |  0.01209703377173212|  0.02585652141800586
  346 |  0.01275115706787443|  0.025164150181404076
  347 |  0.012082149145041987|  0.026018428128147905
  348 |  0.012168371669782543|  0.03212498835525389
  349 |  0.011844529158294126|  0.025697660004768374
  350 |  0.012473200090906527|  0.0266770926647844
  351 |  0.01213601884757749|  0.03030068258560166
  352 |  0.012022597626089884|  0.026370851957890597
  353 |  0.011779940648016976|  0.03158591403273889
  354 |  0.012327858453264902|  0.028161325741363777
  355 |  0.012710127010577565|  0.033415858858386376
  356 |  0.012495727658427751|  0.02569692536332516
  357 |  0.012172477819755676|  0.046418523696621285
  358 |  0.012612377805149242|  0.026967088937064416
  359 |  0.01217771148575779|  0.025811566430960862
  360 |  0.012190705844948324|  0.02576167854276845
  361 |  0.01193631792948639|  0.025372972301566765
  362 |  0.011726623506197008|  0.027495627870848173
  363 |  0.013293318682164112|  0.02905074761173638
  364 |  0.011493255895589222|  0.027178771093499247
  365 |  0.012388196167919986|  0.02732351013219853
  366 |  0.011554119517299004|  0.0259574777103016
  367 |  0.01075657086010373|  0.02733448739494218
  368 |  0.013982726753929262|  0.025867573234208775
  369 |  0.011453073318495837|  0.029377812744897997
  370 |  0.011849357013975782|  0.026612042038442658
  371 |  0.012575744528598057|  0.025338686998213497
  372 |  0.011168621639306521|  0.027876104973427265
  373 |  0.012389796898719524|  0.02561258088493681
  374 |  0.012111885058254704|  0.026090220518089232
  375 |  0.011699130322385919|  0.03621413864379655
  376 |  0.012637354468012285|  0.02998102539631754
  377 |  0.011923352540685921|  0.040093767899600445
  378 |  0.012638084713211224|  0.025291800341822906
  379 |  0.011472595118528573|  0.03148587321125197
  380 |  0.009863694853663755|  0.03051655468661929
  381 |  0.011370236490120984|  0.030475571211554444
  382 |  0.011061055745712513|  0.028174276581684702
  383 |  0.011130626821548239|  0.03170782373899635
  384 |  0.013449382290216787|  0.05339747561201222
  385 |  0.012540623015870443|  0.02925736915462136
  386 |  0.01205120355325922|  0.028627816374616866
  387 |  0.011029529966033357|  0.026058167704860233
  388 |  0.011855646002040986|  0.02814806566363879
  389 |  0.011198621695805403|  0.02830894335348502
  390 |  0.012067400164267456|  0.025479570478751747
  391 |  0.012285522172971765|  0.025053153661856224
  392 |  0.011547520405896365|  0.025874913460619216
  393 |  0.011620013706994324|  0.026519958169027306
  394 |  0.011093239570214151|  0.025925612777179148
  395 |  0.011284076378013295|  0.029917564759443585
  396 |  0.01125511232763183|  0.02776429234909909
  397 |  0.011838866225187861|  0.027855594573173798
  398 |  0.01149721606407269|  0.026065862443333927
  399 |  0.01087050592326832|  0.027519482215409046
  400 |  0.011955636098061466|  0.025961678764148944
  401 |  0.012263149223117505|  0.027336839816968488
  402 |  0.01135959598430443|  0.027991930676299726
  403 |  0.011104572693400025|  0.026325094483334886
  404 |  0.01212332985724458|  0.030881934161303033
  405 |  0.012695737862714067|  0.02648255993528882
  406 |  0.011736295931792966|  0.02537586487030613
  407 |  0.011278545595046627|  0.02691544689024043
  408 |  0.010825742526694618|  0.02560110360118763
  409 |  0.012052114545247575|  0.030257423474321105
  410 |  0.010655539184505632|  0.029397713019578293
  411 |  0.01183185884844685|  0.02601678231566886
  412 |  0.011258024871066481|  0.02666209824868544
  413 |  0.011912892827801712|  0.028747828442311683
  414 |  0.011962466460047115|  0.030419014846192267
  415 |  0.011211368555819737|  0.02900788439712458
  416 |  0.011033511775929209|  0.041071832492933266
  417 |  0.011418605694293928|  0.02792151435687279
  418 |  0.011704602284927357|  0.02652386222250319
  419 |  0.012340922570435203|  0.025821776995007657
  420 |  0.01078809656375587|  0.025753469105883452
  421 |  0.010774435551167695|  0.033920658838328864
  422 |  0.011458294768332935|  0.026275883304895116
  423 |  0.0114620860480227|  0.027193080079022727
  424 |  0.011339378214201336|  0.02646516436652797
  425 |  0.01131291897977005|  0.025957355513860206
  426 |  0.01102532331863136|  0.027115633736966186
  427 |  0.011253842409999727|  0.02544361476656448
  428 |  0.010518041685910902|  0.02915947069194706
  429 |  0.010130854957798136|  0.027148232699513997
  430 |  0.01162032983597645|  0.026475621592911766
  431 |  0.010749096619840658|  0.025778890742826046
  432 |  0.01249442431555437|  0.027521483895237224
  433 |  0.010658613348771787|  0.034192608197092744
  434 |  0.011166205920543227|  0.02573078693374308
  435 |  0.011980821584059881|  0.027824275735775235
  436 |  0.011785870990488213|  0.03605734843761782
  437 |  0.010511920392041995|  0.03328391346328896
  438 |  0.011115908827497632|  0.02553680949879769
  439 |  0.011236679376461847|  0.025667289510148402
  440 |  0.010583332259157478|  0.026877727078254733
  441 |  0.010803699390556976|  0.025925664746422612
  442 |  0.010999769601983235|  0.026165911437118133
  443 |  0.011045570073712273|  0.027439752053224555
  444 |  0.010716564796903501|  0.026630141054171393
  445 |  0.01097731980346448|  0.028265006076628376
  446 |  0.011851781863028175|  0.029227302649903447
  447 |  0.011260792306241524|  0.02721107935332113
  448 |  0.010943437369944282|  0.02651578355852633
  449 |  0.011738460783727273|  0.02850818837269298
  450 |  0.011367411963116806|  0.02580940066948095
  451 |  0.01052899481581731|  0.03615235507216269
  452 |  0.011742510350711518|  0.03908975604376505
  453 |  0.010392233361785175|  0.025705647913173837
  454 |  0.011095425997153833|  0.037741151764232275
  455 |  0.011174231711115644|  0.025787883988975885
  456 |  0.01029886466365882|  0.02636345180052978
  457 |  0.011589674522786916|  0.026865355997808118
  458 |  0.01122598621495493|  0.028327173236356237
  459 |  0.010576598477650441|  0.031034183077800436
  460 |  0.009595255176502625|  0.03008238272557123
  461 |  0.010577014135907031|  0.034868779565390084
  462 |  0.010557176256679563|  0.026549855217911745
  463 |  0.011378315984076293|  0.02776029145027544
  464 |  0.011428735224307306|  0.02688319134488808
  465 |  0.011092587494305419|  0.04428863802149013
  466 |  0.011544683208767587|  0.030446009524014096
  467 |  0.010300002973097808|  0.030533768848664766
  468 |  0.010921008615054548|  0.029215271493458855
  469 |  0.011184944694877358|  0.028623887812615028
  470 |  0.010978417316043706|  0.026940981421227913
  471 |  0.011285844871732982|  0.025454026954741582
  472 |  0.010418607697487935|  0.026998802890246792
  473 |  0.009707481504682583|  0.027244446549245814
  474 |  0.011416231828211668|  0.03381713919341105
  475 |  0.01110817143994167|  0.026013935680287453
  476 |  0.011480585446207923|  0.026007764612970517
  477 |  0.011165406226039601|  0.025445414581527166
  478 |  0.011103326821828652|  0.026959911495491908
  479 |  0.010624762012171295|  0.02538477569794881
  480 |  0.01031788055929125|  0.026809433770252994
  481 |  0.009963841936536223|  0.025470829977912626
  482 |  0.010451807131128709|  0.026984254963496646
  483 |  0.010598681861204825|  0.03085493455900569
  484 |  0.011215769030508704|  0.03922583199442749
  485 |  0.01033866579547256|  0.026022299405553104
  486 |  0.009797450207559177|  0.03526425225592619
  487 |  0.010278550407992021|  0.035307040285794726
  488 |  0.010992028889691405|  0.026461425539297073
  489 |  0.011133192477676928|  0.025651564279824728
  490 |  0.011299007597099082|  0.0260487099110513
  491 |  0.01006299270847393|  0.026353496093504007
  492 |  0.01049224230108133|  0.025302743624212715
  493 |  0.009713752341842467|  0.025456305227032874
  494 |  0.01003881314834913|  0.025623690446549517
  495 |  0.01042741360137393|  0.03411513954505237
  496 |  0.009366649587228732|  0.03703334712239715
  497 |  0.010716044687032335|  0.03202027904356431
  498 |  0.009469567707246164|  0.027729037452681966
  499 |  0.009924826563273814|  0.02632376803910094
  500 |  0.01009092212070063|  0.026647158509271917
  501 |  0.011675755979102852|  0.026229974909194268
  502 |  0.010030465358055315|  0.02656930323458096
  503 |  0.010486973324514332|  0.02665122314663541
  504 |  0.009784518187488907|  0.02557467652171191
  505 |  0.010357965054882446|  0.03643402969573346
  506 |  0.010301759462809196|  0.028015395454676077
  507 |  0.010535544903683755|  0.04345466532980458
  508 |  0.009633249518456986|  0.027641546354212492
  509 |  0.010168423702803745|  0.027114858698363477
  510 |  0.010248726511671575|  0.02591577899354258
  511 |  0.009636410657707338|  0.029012031159365792
  512 |  0.010014176626033879|  0.02528334772158342
  513 |  0.009117639746091082|  0.02524242841210195
  514 |  0.01020455028186067|  0.02509276125594578
  515 |  0.00931453185479843|  0.026174681909049695
  516 |  0.009814342988984886|  0.025811801245680534
  517 |  0.008737218995066586|  0.027903479789042084
  518 |  0.009446357545032388|  0.02562855083822474
  519 |  0.009570619783824483|  0.02797095783151987
  520 |  0.01015919088830488|  0.03728682059534599
  521 |  0.008900600403291293|  0.02591204840072175
  522 |  0.0093639609912637|  0.030290475558140083
  523 |  0.008966890304913587|  0.03068688679901149
  524 |  0.009281143111109946|  0.037228870439439815
  525 |  0.008765145991536574|  0.028443197220394942
  526 |  0.009969585997942386|  0.027744601180896503
  527 |  0.010081147986920646|  0.025636335378114786
  528 |  0.009000735185316279|  0.025922836808236597
  529 |  0.010771227248700816|  0.02609340477333531
  530 |  0.008921409361073912|  0.026439322681699982
  531 |  0.010073960203144572|  0.026622566818848895
  532 |  0.008886270785972322|  0.03805434151004303
  533 |  0.009292017567866342|  0.025275879162856306
  534 |  0.009339982554692036|  0.026437388539677524
  535 |  0.008472278276124182|  0.026848361699826597
  536 |  0.009107850522123033|  0.02569608208356241
  537 |  0.00870916424482656|  0.02581902382742477
  538 |  0.009452263517545216|  0.027558369055782957
  539 |  0.009131653145858887|  0.03725579774110514
  540 |  0.009024679571176704|  0.025384314347740033
  541 |  0.009980081828310672|  0.03252798061078843
  542 |  0.01037304498677213|  0.025432388355124378
  543 |  0.009725675475429034|  0.025584990311078807
  544 |  0.008586222129710087|  0.025521634439019412
  545 |  0.009121467711128584|  0.02591835121634645
  546 |  0.010261675412729473|  0.025845587909886517
  547 |  0.00861745717991813|  0.025313041960069883
  548 |  0.00928930016037265|  0.02546385261723538
  549 |  0.009441718717735742|  0.025441608391835544
  550 |  0.008845243894935807|  0.03408420559041999
  551 |  0.009584666432493024|  0.02934322836609345
  552 |  0.008278726196385987|  0.029444580051978985
  553 |  0.009103846161661443|  0.025685309375226652
  554 |  0.008697446393086306|  0.027790777709030084
  555 |  0.0092053313811554|  0.025383031589100442
  556 |  0.008951850448819082|  0.02542678049501958
  557 |  0.008625459316727929|  0.027612683093671878
  558 |  0.00861075359688198|  0.02572921103317255
  559 |  0.008675542287310961|  0.026291104163382605
  560 |  0.009426101566793427|  0.025280640125132998
  561 |  0.008961986976720102|  0.033627369684169676
  562 |  0.008508132981187883|  0.026501246050378416
  563 |  0.009212825661207026|  0.031694361847526754
  564 |  0.009235330806801487|  0.05195208775868481
  565 |  0.008459147176356535|  0.0275947433881681
  566 |  0.009199741058024416|  0.028032512172945036
  567 |  0.009182916812450856|  0.025801624402506166
  568 |  0.00882724933649519|  0.02749296429260535
  569 |  0.008343898525985065|  0.025850727107916725
  570 |  0.009071872523990087|  0.025080001551792748
  571 |  0.008989804416198512|  0.029406387644033336
  572 |  0.009283801055285461|  0.028651191080811687
  573 |  0.008570234446920094|  0.02529640868186798
  574 |  0.009070102451865516|  0.026654962071072322
  575 |  0.008729912889339117|  0.02559489624370928
  576 |  0.008537717853485088|  0.026616102112359385
  577 |  0.009031599780158737|  0.02869444451466439
  578 |  0.008665964466773196|  0.027139880251875265
  579 |  0.009083802488448752|  0.025497854626723698
  580 |  0.008826860444216225|  0.025375495378442893
  581 |  0.00885790177611484|  0.02716212036717079
  582 |  0.009599649045050413|  0.025714661344149545
  583 |  0.0086055114627252|  0.029012224824951065
  584 |  0.0087365732830693|  0.026247076416222773
  585 |  0.008998741052486567|  0.030179091143475292
  586 |  0.008158010158758356|  0.024663201942275618
  587 |  0.00846828041819337|  0.025013274643537853
  588 |  0.008203330524501644|  0.025057615900951537
  589 |  0.008468606124418231|  0.02564080193886348
  590 |  0.008460814235555579|  0.025861982622943994
  591 |  0.008381315910754666|  0.029079125425423773
  592 |  0.008882954538416251|  0.024939067875433
  593 |  0.007974869091545848|  0.025788035338941927
  594 |  0.008043899051004891|  0.030488002589072513
  595 |  0.009115898413830958|  0.02843588684679925
  596 |  0.00855913120643875|  0.0256028051865608
  597 |  0.008982212362283897|  0.026073446563258728
  598 |  0.00877557634375861|  0.025205020990859004
  599 |  0.008909670514217401|  0.028979500727841757
  600 |  0.00870818625242646|  0.02575574470086294
  601 |  0.008441688027866925|  0.027701157514917613
  602 |  0.007585680193796981|  0.025765685956267936
  603 |  0.008408832439286779|  0.02986496961818383
  604 |  0.008310146686793973|  0.029505738258076286
  605 |  0.008383277123865782|  0.02611112879756336
  606 |  0.007912421120443538|  0.030743553511826366
  607 |  0.008733121552988693|  0.02500067632391572
  608 |  0.008218275419605445|  0.028926941391409167
  609 |  0.008770178543938332|  0.02590962557959216
  610 |  0.008287664503268186|  0.02589582975468903
  611 |  0.007961832121936513|  0.02834292958657265
  612 |  0.008540629654463894|  0.025762183725127855
  613 |  0.008245268983878347|  0.027478625398706293
  614 |  0.009222754455952572|  0.029908245509161407
  615 |  0.00815109784368506|  0.028123458128374683
  616 |  0.008923902540350295|  0.02714528768662007
  617 |  0.00868230148045504|  0.02570891981562438
  618 |  0.008999406771540845|  0.025335220691787216
  619 |  0.007954859461902468|  0.02541391751245674
  620 |  0.00921769416211605|  0.024960655386579867
  621 |  0.00785170168829758|  0.02838157735881572
  622 |  0.007696242980794471|  0.026509398014522446
  623 |  0.0086021990523576|  0.025975048166411618
  624 |  0.008859252268359598|  0.033444496210980904
  625 |  0.008137359141097847|  0.028724730933136825
  626 |  0.007893667475994275|  0.03458563971291929
  627 |  0.008450445210939735|  0.027223138348684044
  628 |  0.00785036788571692|  0.028525871458537813
  629 |  0.00867243874284197|  0.028112275851162914
  630 |  0.008268489670013294|  0.030695631390392407
  631 |  0.008531728212433793|  0.0297606973545642
  632 |  0.008147587469056725|  0.025255591538305516
  633 |  0.00840077579940496|  0.02549362077076445
  634 |  0.008400502801059598|  0.029800111579976838
  635 |  0.008644544044399327|  0.027221246502270587
  636 |  0.007851953086565843|  0.038105643227858685
  637 |  0.00876649484868264|  0.025152309611047204
  638 |  0.007746348825615701|  0.025134995551825717
  639 |  0.008366699487809137|  0.02666657197866935
  640 |  0.007529031176810648|  0.027561431247656025
  641 |  0.008549842567973415|  0.029627771870438375
  642 |  0.008856102999513133|  0.025648635535617165
  643 |  0.007254300435277157|  0.02607991422374083
  644 |  0.008213137946833026|  0.02861462896239093
  645 |  0.008840522665037391|  0.02779955764963728
  646 |  0.007744761044824032|  0.029112347067288727
  647 |  0.00795561495677446|  0.025737007178637198
  648 |  0.007822916866627502|  0.03214805003559342
  649 |  0.007852465451376809|  0.025899977418022933
  650 |  0.00812885966261769|  0.035094768013467025
  651 |  0.007349647004254635|  0.026010319850550297
  652 |  0.007459834113336445|  0.025233652182867786
  653 |  0.008206560681085273|  0.027508034518730143
  654 |  0.0076705477732601345|  0.026520257552901622
  655 |  0.00805967406945555|  0.02538880037368085
  656 |  0.007605227424947343|  0.02674773374718883
  657 |  0.007695165909780869|  0.026956837721034164
  658 |  0.007491886634192366|  0.026448777357698957
  659 |  0.008733114887858504|  0.02638819528401354
  660 |  0.00812035660225505|  0.025175871585027487
  661 |  0.007905192781684724|  0.0250736796671988
  662 |  0.007886629125266149|  0.02581123700743828
  663 |  0.007561060052138685|  0.027453692561971346
  664 |  0.008770206595529776|  0.025561494857906136
  665 |  0.007774840384694995|  0.028584402384056122
  666 |  0.00813241496959715|  0.027502970057820826
  667 |  0.007456072204798322|  0.025827071201409285
  668 |  0.008097118615364971|  0.0256266392504918
  669 |  0.009478143135025726|  0.029037716727195267
  670 |  0.007957505082288685|  0.03006208835450807
  671 |  0.007634369374983445|  0.028125316888239285
  672 |  0.007923440238445772|  0.02592236660454437
  673 |  0.007823122248040331|  0.02839506971535812
  674 |  0.008413419837595991|  0.02619807746058162
  675 |  0.007038651433630763|  0.032850953316121104
  676 |  0.00796583986329444|  0.02821247284748567
  677 |  0.008874562978099104|  0.025261645586427336
  678 |  0.007473339294451339|  0.031143595742905983
  679 |  0.006894382509062831|  0.028742781025458006
  680 |  0.007792553072672352|  0.0254479049408281
  681 |  0.008332234992897598|  0.0248915687089142
  682 |  0.00842427487638942|  0.027019671057218666
  683 |  0.007757201925991453|  0.02526120693948164
  684 |  0.008078382799960693|  0.026844722945066325
  685 |  0.007393836318095352|  0.024929332898883064
  686 |  0.006618275233863071|  0.02492545267498578
  687 |  0.00820602819731071|  0.029684048827965735
  688 |  0.00782076513616293|  0.025357275772592995
  689 |  0.007462371822297029|  0.025685926261529914
  690 |  0.007788443514254051|  0.025864430951016093
  691 |  0.007975466692375963|  0.027068519116085557
  692 |  0.007378183019702289|  0.02618892069863533
  693 |  0.007729610401215347|  0.024923783410978655
  694 |  0.006927535872416976|  0.025826971384489673
  695 |  0.008080243260527092|  0.03162807255785662
  696 |  0.0072870083853097635|  0.02503892512139641
  697 |  0.0073076895547498615|  0.02461461771297329
  698 |  0.007737820943750858|  0.029176329209804657
  699 |  0.006857610115594318|  0.02634586456757884
  700 |  0.007777451658341496|  0.02492974736422011
  701 |  0.007652877798109874|  0.026061860836395084
  702 |  0.007921129783203393|  0.03913091419101614
  703 |  0.007950479646501715|  0.02525931345755145
  704 |  0.00741896600670514|  0.03419686739097486
  705 |  0.0070630778705898295|  0.026010376375998113
  706 |  0.007896485165650035|  0.025784781330504256
  707 |  0.006738976259026293|  0.026292202523992888
  708 |  0.0075861065501010155|  0.02480801308894014
  709 |  0.008623053237794004|  0.025373764093681285
  710 |  0.007472062499112886|  0.025251537954016433
  711 |  0.008015504553257651|  0.02602951386432352
  712 |  0.00750097139657152|  0.026068191455656354
  713 |  0.008158654065438305|  0.025252868949709247
  714 |  0.007229582813917632|  0.029272083359154936
  715 |  0.008058259774382287|  0.02557010524502191
  716 |  0.007633563162644943|  0.025132375885935494
  717 |  0.007622552352230523|  0.025667072102008557
  718 |  0.007991675570284138|  0.028568766155961094
  719 |  0.007177124865876899|  0.025066121852810035
  720 |  0.007293884319656677|  0.025540568018167484
  721 |  0.006938290808037637|  0.026671134591245236
  722 |  0.007944677430764201|  0.029095593974686525
  723 |  0.007261428523381763|  0.03084367451973409
  724 |  0.00822571222391004|  0.027098366192129686
  725 |  0.008649163226098287|  0.026255984483069164
  726 |  0.007421902065476926|  0.025026544033687138
  727 |  0.0074634083442536|  0.025470834792241458
  728 |  0.008642040679658769|  0.03197761943067123
  729 |  0.008030870522601555|  0.037897584044657665
  730 |  0.006843289803805273|  0.028802744758743615
  731 |  0.00646333049221328|  0.027534509340254202
  732 |  0.00773631851534556|  0.027077662439004398
  733 |  0.007858268253247501|  0.025182426549701535
  734 |  0.006843039916415295|  0.02592444776222214
  735 |  0.008048493312919123|  0.024790807958653266
  736 |  0.007180112730798549|  0.03193303842543919
  737 |  0.006929204998380738|  0.025409443911481283
  738 |  0.007095425710701876|  0.02667410045616538
  739 |  0.007957023094453603|  0.0251727167992478
  740 |  0.0066267758214652|  0.025777640182833045
  741 |  0.0074987115570523824|  0.025804032375610037
  742 |  0.007535487383195888|  0.02529898565815015
  743 |  0.006717687537208902|  0.02547006805545672
  744 |  0.008023654094975345|  0.02606762048168781
  745 |  0.006800835464546108|  0.030369709453384033
  746 |  0.007545301976555489|  0.025169967826617276
  747 |  0.00771073389763479|  0.025612375945002867
  748 |  0.007831494336484352|  0.025570473437721685
  749 |  0.007476399084061708|  0.02672751786497036
  750 |  0.0076085074721293795|  0.02541045448611512
  751 |  0.00882477928228324|  0.025351061014023596
  752 |  0.006934942857878482|  0.025258619146018697
  753 |  0.007072823063958629|  0.024811989087762238
  754 |  0.007011554936480993|  0.025681280571141572
  755 |  0.007371566145551911|  0.025094033284326765
  756 |  0.007254854781066858|  0.02497680651575169
  757 |  0.007443992363514115|  0.025026107648745643
  758 |  0.007305466897144198|  0.02605358448393858
  759 |  0.006677465529405936|  0.028317722544944596
  760 |  0.008113853485672914|  0.03015950512514079
  761 |  0.0073963248649901395|  0.02562061979605926
  762 |  0.007166510335432751|  0.02512024228034529
  763 |  0.007622464435332101|  0.025212373796491848
  764 |  0.0063762775804055575|  0.029113539703248276
  765 |  0.007617127480169303|  0.024972532239710427
  766 |  0.007255497216404247|  0.027413951076180384
  767 |  0.006824968944906871|  0.029283052077357267
  768 |  0.007222602239293664|  0.026248974198499787
  769 |  0.007185845853151381|  0.025279944037045043
  770 |  0.006432064690216036|  0.02504510387525882
  771 |  0.008363429068100064|  0.02552468746406884
  772 |  0.007162173733129599|  0.028882923535356292
  773 |  0.008202819693730034|  0.025962699312450464
  774 |  0.006644021527202584|  0.025867371188952916
  775 |  0.006748716180394119|  0.028744264594486223
  776 |  0.007580634380622373|  0.02879618932080261
  777 |  0.007312863305484236|  0.02527181855357851
  778 |  0.0063475110617954725|  0.03085843223569357
  779 |  0.0077849269595833635|  0.02691485206519025
  780 |  0.007905108374232432|  0.027175995768371045
  781 |  0.007272681457542283|  0.02590420197223472
  782 |  0.006850364063996378|  0.02508031785786688
  783 |  0.00727884702512074|  0.026545423182765808
  784 |  0.00668203042944539|  0.029800211271069806
  785 |  0.006515254379580122|  0.025615912885367687
  786 |  0.0073993895261102866|  0.025603663000379764
  787 |  0.008020630706894022|  0.02711314661774289
  788 |  0.007331861004427342|  0.0333374786078514
  789 |  0.006961358447956834|  0.02570172624241746
  790 |  0.006521822681535658|  0.02509004986651577
  791 |  0.006944680325823539|  0.029332057615641293
  792 |  0.0065450025481410875|  0.025820929973585316
  793 |  0.007079693842199652|  0.031177843000980032
  794 |  0.006884059980310358|  0.025680376558806978
  795 |  0.007065069038432629|  0.028267010808213172
  796 |  0.006639138462865612|  0.02785367979063851
  797 |  0.00742733450263278|  0.02525512024427944
  798 |  0.006338231116647514|  0.02934822877120632
  799 |  0.007188459353045572|  0.025288259000271384
  800 |  0.006372202344748846|  0.031369949625041804
  801 |  0.0076877697979439805|  0.02978706140478958
  802 |  0.006258373388562404|  0.024974019821224026
  803 |  0.006899038459848118|  0.025188842639557625
  804 |  0.0070291837516121575|  0.03501218693096067
  805 |  0.00771654296166184|  0.0263439028090402
  806 |  0.0056124456838058615|  0.026538714553211367
  807 |  0.008003027031771937|  0.024832191390271072
  808 |  0.0067729894428189006|  0.025564948945519445
  809 |  0.006721303491902265|  0.026955516104880003
  810 |  0.006767636026349427|  0.027239015121373365
  811 |  0.006836831655319068|  0.02483338819001364
  812 |  0.007167824810384746|  0.0274480628142098
  813 |  0.006925676548664066|  0.028232836370620556
  814 |  0.006864656706026802|  0.02527071816013667
  815 |  0.007778516769486607|  0.025137288708117423
  816 |  0.007276687745794808|  0.03034660008122752
  817 |  0.006721011475641169|  0.027358729981971662
  818 |  0.007363750912747812|  0.028889611486682166
  819 |  0.006730915651039577|  0.037371709289876216
  820 |  0.00758723762361409|  0.025567998108224604
  821 |  0.006889856934249113|  0.028450923980670253
  822 |  0.0068260131132054655|  0.024851279733542456
  823 |  0.006818331088400293|  0.026098716972313543
  824 |  0.00661994117692026|  0.026221368154367698
  825 |  0.006704466247939305|  0.02662845644945913
  826 |  0.006254984825268178|  0.02539222396947655
  827 |  0.00763738660705776|  0.02496075087414401
  828 |  0.006669625015187521|  0.029066074523011524
  829 |  0.007094817793887162|  0.02471303392849514
  830 |  0.0070838392050859645|  0.03196247976415767
  831 |  0.006655863212362108|  0.029319645314537925
  832 |  0.006822075510079361|  0.025640095237868615
  833 |  0.006982907674059496|  0.027194449222138633
  834 |  0.006577715592528327|  0.02521339090517597
  835 |  0.006451872708001208|  0.029706706685653835
  836 |  0.0061095528385535025|  0.02591829586509152
  837 |  0.00672987097722548|  0.02556176197578769
  838 |  0.006952106482922539|  0.026188520794316675
  839 |  0.0061357079963479675|  0.025185327845578965
  840 |  0.00800008616252374|  0.03011378465760899
  841 |  0.007398029667883783|  0.025246010777725078
  842 |  0.006641583871198882|  0.025012238375987577
  843 |  0.007407898290604616|  0.03900760628710219
  844 |  0.006708613838434756|  0.02757950238312843
  845 |  0.006322671615623676|  0.02742429949834116
  846 |  0.006332876420019731|  0.025621049097768328
  847 |  0.006793793695013782|  0.04184399975801843
  848 |  0.0073008112645611975|  0.026739649500070645
  849 |  0.006773715846142149|  0.03471313070385149
  850 |  0.006478547108128149|  0.02572073763671153
  851 |  0.0064290497493251775|  0.0267729890321916
  852 |  0.007146867867549199|  0.025804092007663374
  853 |  0.007540245184598693|  0.025506012878291216
  854 |  0.006282413823009579|  0.03131079361818445
  855 |  0.00619727419360484|  0.03023293301767676
  856 |  0.006845215546430732|  0.02613155507106251
  857 |  0.006267025962665373|  0.025689566722888718
  858 |  0.006832794327053784|  0.030554981405522385
  859 |  0.006233741921186181|  0.02575606861746963
  860 |  0.006834375056282812|  0.026019797018374983
  861 |  0.006742448851096542|  0.02558498799005082
  862 |  0.00688019629465192|  0.02527301720053212
  863 |  0.00705366231836822|  0.0264359926041017
  864 |  0.006882223928078419|  0.02535734845394699
  865 |  0.006461014300414198|  0.02731682642169959
  866 |  0.006761368738709492|  0.024988798685516882
  867 |  0.005994739493237176|  0.02494869934920349
  868 |  0.007281514171345348|  0.029508731535067844
  869 |  0.006647964494030981|  0.027389775425818275
  870 |  0.006253147496103828|  0.027431377896512982
  871 |  0.0065895364282253675|  0.030516856942830017
  872 |  0.007737020374533062|  0.024924651086604004
  873 |  0.006635400740039999|  0.02586964834740213
  874 |  0.006399451848938262|  0.031057579339142386
  875 |  0.006315684035983836|  0.030296616257604225
  876 |  0.006387339200482176|  0.0256345125685785
  877 |  0.005919593895410491|  0.026056556217890048
  878 |  0.007202085098136101|  0.026576422917471264
  879 |  0.007712326295460058|  0.02530825215872464
  880 |  0.006099390193293271|  0.025177013209070072
  881 |  0.005985121606006798|  0.02691096058467079
  882 |  0.006165439806206407|  0.03296344732031844
  883 |  0.006025368582865984|  0.025465079829549424
  884 |  0.006932440326684887|  0.025971134704406502
  885 |  0.006546081676007027|  0.026143941278626084
  886 |  0.00657390865196926|  0.027271757450768246
  887 |  0.006924438467195101|  0.025553538568890678
  888 |  0.006411647292294952|  0.030821049497682593
  889 |  0.007027012412535646|  0.025116741439400153
  890 |  0.0062138082021955515|  0.03025460346716649
  891 |  0.006970745737058061|  0.02895759339325007
  892 |  0.006411852867149019|  0.03230416622087321
  893 |  0.006116568948620215|  0.025551410013897647
  894 |  0.0061263589579906436|  0.027025047836028326
  895 |  0.0068806358571010095|  0.026988688046621443
  896 |  0.006810288943211317|  0.025577292617389696
  897 |  0.006087241569022658|  0.02624765231366282
  898 |  0.005586135412561405|  0.0253606873204756
  899 |  0.006483028057609276|  0.025592603998752798
  900 |  0.006298611541783024|  0.026485063738039074
  901 |  0.0069527043321535335|  0.025301711686479218
  902 |  0.006004828068858646|  0.026023076218886304
  903 |  0.005865994246656138|  0.025441293733222365
  904 |  0.006400849309724817|  0.03961189968460165
  905 |  0.006883030734578513|  0.025396089348512854
  906 |  0.0057982582302712575|  0.02799685275471304
  907 |  0.006589255344157186|  0.030193542337462114
  908 |  0.007001859676990782|  0.024912205054309144
  909 |  0.006898422200167837|  0.0246545989132061
  910 |  0.005867450706431827|  0.028814173301168675
  911 |  0.006127195323527993|  0.02533474176068241
  912 |  0.006088590298865437|  0.026003444062720715
  913 |  0.0064323464976139295|  0.025064897841965413
  914 |  0.005829454118561836|  0.02708547665683748
  915 |  0.00695801851182402|  0.02604452099609705
  916 |  0.006996707949194664|  0.026396183307236896
  917 |  0.005890372690074295|  0.026621413877084003
  918 |  0.00632855270670534|  0.025202976498759837
  919 |  0.006187030766771355|  0.02518182511112195
  920 |  0.00630044822180606|  0.025499028818352226
  921 |  0.007839190731989309|  0.025162974162430587
  922 |  0.00620402830233606|  0.025234410028602668
  923 |  0.0059404676849470405|  0.02569082369489083
  924 |  0.007194459016379146|  0.025445021683006833
  925 |  0.005708876130060414|  0.025565600685014043
  926 |  0.00640785642768923|  0.025430351783333183
  927 |  0.006553541580684056|  0.03482670649192672
  928 |  0.006108090525356162|  0.030210384091934335
  929 |  0.006000902923524339|  0.02523738074934011
  930 |  0.007257141333620533|  0.030085241735066586
  931 |  0.00648583860741308|  0.02534160622750619
  932 |  0.007093142023940907|  0.028624429134003284
  933 |  0.005607837305581875|  0.026118580499927914
  934 |  0.006661517243349986|  0.025502343201497
  935 |  0.00587807744937248|  0.025664745956650536
  936 |  0.005608642517910857|  0.026950878712541416
  937 |  0.006732522503026117|  0.025337191692089017
  938 |  0.005427496637506703|  0.026016257190414557
  939 |  0.007053183343843204|  0.027392013085284068
  940 |  0.006222299281383767|  0.02501981239137378
  941 |  0.006635195846736549|  0.02470563261315495
  942 |  0.006710994999516478|  0.024981853288995073
  943 |  0.00651142067133897|  0.029513206903334387
  944 |  0.005944744226721854|  0.02963718021357844
  945 |  0.006029999349934699|  0.025966239415537884
  946 |  0.006077501220090161|  0.024865120305631816
  947 |  0.00706016897922621|  0.02455183393771853
  948 |  0.006335300180025297|  0.026249715789438396
  949 |  0.005810801285104001|  0.0254252580050388
  950 |  0.005488244336999727|  0.02545183250527577
  951 |  0.006067281035210583|  0.028540805198566728
  952 |  0.006420326386125116|  0.025237668692287624
  953 |  0.006232213430146845|  0.02550706079808629
  954 |  0.00631439225830009|  0.02714374136187864
  955 |  0.005785478945111218|  0.025500672304673407
  956 |  0.006078345580881234|  0.02464727465067642
  957 |  0.006081204913533693|  0.029118956684065857
  958 |  0.0058403979009658815|  0.02488219883678242
  959 |  0.006670926060287372|  0.024808858180308948
  960 |  0.006403769882590788|  0.025410846168354963
  961 |  0.006055972722445786|  0.02476917660414096
  962 |  0.0054828241924906465|  0.026120676639214625
  963 |  0.006493878152205254|  0.030197297823630686
  964 |  0.00605034179257095|  0.025004581666736973
  965 |  0.0061532139839298|  0.026374644460451305
  966 |  0.0056120611236254205|  0.025232191119623097
  967 |  0.005664200983541914|  0.025269084478548042
  968 |  0.006587307145908671|  0.03249388500892973
  969 |  0.005777309075327353|  0.025316786298095965
  970 |  0.006251700006386021|  0.029434288733400534
  971 |  0.00579331813260011|  0.02527992151519499
  972 |  0.005589140917404734|  0.026033037729570576
  973 |  0.007194346491649831|  0.02501694283999665
  974 |  0.006461539394964918|  0.024945108788430353
  975 |  0.006812468085398335|  0.025195074107267398
  976 |  0.0062519112454929235|  0.027921486494179658
  977 |  0.0061627190372751574|  0.025567564039383754
  978 |  0.005767814234547243|  0.02478439052838079
  979 |  0.0063731697677516545|  0.024955746348812775
  980 |  0.005773266034018219|  0.027300725784984072
  981 |  0.006368870772441756|  0.026412612851886435
  982 |  0.00570033071889977|  0.0328338866549863
  983 |  0.0063230067645594825|  0.026294114094520333
  984 |  0.005978561681888403|  0.02822503527588619
  985 |  0.005742544187430791|  0.026129911114589285
  986 |  0.005289651271271067|  0.025300409677342983
  987 |  0.0069136995455825094|  0.02699276035090243
  988 |  0.005834861895833393|  0.026498943779374666
  989 |  0.006305809489181087|  0.03508569640226977
  990 |  0.006221761769267552|  0.02469607411715604
  991 |  0.005348970731320774|  0.026728087682002657
  992 |  0.005783450690735854|  0.024863520071095546
  993 |  0.006206265534522043|  0.025849234318985125
  994 |  0.0073009735192025894|  0.02619504273854272
  995 |  0.005981405517583936|  0.029193678184141286
  996 |  0.006275278815908723|  0.025649196553770116
  997 |  0.006040163688543209|  0.025452320239961482
  998 |  0.005948835008532892|  0.025054006743890533
  999 |  0.005852694290461335|  0.025627028149417797
