  0 |   0.20525975504320323|  0.15435935066818893
  1 |   0.14219597289419172|  0.1342037512838485
  2 |   0.11973513178964551|  0.10312936089732429
  3 |   0.08904156711620037|  0.07997330733658896
  4 |   0.07400271105772394|  0.06246023079159768
  5 |   0.06706632940568756|  0.06297424282779951
  6 |   0.06328885779638284|  0.06459613851138749
  7 |   0.05949350638917196|  0.05396262644394252
  8 |   0.058328418694571|  0.05523730364074654
  9 |   0.056366187925401594|  0.04950825144541851
  10 |   0.05232026035536051|  0.05065628209372199
  11 |   0.05006648436136375|  0.043638380588662054
  12 |   0.048438451330988515|  0.049475457466076456
  13 |   0.04748680802154447|  0.04152093520720709
  14 |   0.04479025639639378|  0.04422181963381569
  15 |   0.04368418113517089|  0.04167185805224942
  16 |   0.042668414079022936|  0.04163858595333287
  17 |   0.040176921044888084|  0.03881406872359361
  18 |   0.04030132124292912|  0.03616303776467342
  19 |   0.038664494618670095|  0.03827343035941744
  20 |   0.038381638591640406|  0.03453773465685794
  21 |   0.038140058772020986|  0.035034040018715996
  22 |   0.03744460533639418|  0.034042074530063596
  23 |   0.03641343803130981|  0.03805504036886771
  24 |   0.03589092688318361|  0.03573196711621833
  25 |   0.03544253312566896|  0.032584866697528546
  26 |   0.03462595353579894|  0.03226744031490414
  27 |   0.03452154027899071|  0.03099799446772876
  28 |   0.03390021169045784|  0.032058698283481006
  29 |   0.03283571566507865|  0.03054683650695056
  30 |   0.03220500321312483|  0.033171663224193126
  31 |   0.03259677059817892|  0.030101855931165433
  32 |   0.03195522633903515|  0.03262247539213834
  33 |   0.030766844336066097|  0.0367472397921423
  34 |   0.03100466924028824|  0.03169572653127608
  35 |   0.030266788310334893|  0.02815990298615056
  36 |   0.03000185638021034|  0.02970859867688726
  37 |   0.029240648989501763|  0.045382982778108344
  38 |   0.029345174638974642|  0.03779708346460364
  39 |   0.029531228909383735|  0.02861374366105776
  40 |   0.028047094354856306|  0.028722409799021086
  41 |   0.02837408685904092|  0.027401422772226305
  42 |   0.027665245967027956|  0.02626253380341048
  43 |   0.026831224623329573|  0.028313877189924928
  44 |   0.02688140992901312|  0.027533905250704763
  45 |   0.026709263635973566|  0.02938157193443104
  46 |   0.02663897096732667|  0.027475858339774
  47 |   0.025571864522301112|  0.028184042771967947
  48 |   0.026047334716085228|  0.02582571103976107
  49 |   0.02570305797476626|  0.02565790064338928
  50 |   0.0248924242285521|  0.025500968764127503
  51 |   0.0252261955056242|  0.03201712382888533
  52 |   0.02468484462455541|  0.024901459787897533
  53 |   0.024517180555881035|  0.024906898091323272
  54 |   0.02392842694966915|  0.029110072780750406
  55 |   0.023764147269644632|  0.030118778347277993
  56 |   0.023818807786160395|  0.025007010103856114
  57 |   0.02341166216481621|  0.02566127707402291
  58 |   0.023257694372883005|  0.027868785362985156
  59 |   0.023086234084833804|  0.024707570530516376
  60 |   0.023006378858146846|  0.025030438296603688
  61 |   0.022700984881328858|  0.025078531907185668
  62 |   0.02332662361612683|  0.030691376331797676
  63 |   0.022247108604090942|  0.027286620410083583
  64 |   0.021645689555628667|  0.026050391961384194
  65 |   0.022194394299087473|  0.024937717023075963
  66 |   0.021367666818327722|  0.02599692309246937
  67 |   0.021915211035383696|  0.0233182082323309
  68 |   0.021128770245666107|  0.02388107826398393
  69 |   0.02101331964365105|  0.024809868427691874
  70 |   0.02074721862130919|  0.026246162227812373
  71 |   0.021157471823859457|  0.02334996805988407
  72 |   0.020413957519067476|  0.02285526566838471
  73 |   0.02022823441593853|  0.023775166071044934
  74 |   0.01983791313615997|  0.025048296959491748
  75 |   0.02042748123899485|  0.02642312670483112
  76 |   0.0204993560598498|  0.024237041556472442
  77 |   0.020164495244169155|  0.022750560160142874
  78 |   0.019402650462642074|  0.025472683987833065
  79 |   0.019232529344525292|  0.024307279078584765
  80 |   0.018847574141903113|  0.024315616602263675
  81 |   0.019502819981182057|  0.02389332191546739
  82 |   0.019099250402315394|  0.024031512090693173
  83 |   0.01874739607324123|  0.023880441146137178
  84 |   0.019178512535845745|  0.024069824534581473
  85 |   0.018372292318268722|  0.02514375750287075
  86 |   0.01852626264672894|  0.023416174462553584
  87 |   0.01789580775688256|  0.026015922376695404
  88 |   0.01847705144416766|  0.025565330418363348
  89 |   0.01779332624044808|  0.02687679357645029
  90 |   0.017884805498246663|  0.022586686245779284
  91 |   0.018012654751550363|  0.022870490624585595
  92 |   0.017831695851150357|  0.024709103281723866
  93 |   0.01777421137875253|  0.025523277349312316
  94 |   0.017475558894484274|  0.021964618698109353
  95 |   0.017080253884647113|  0.02273631989669993
  96 |   0.017314993562063834|  0.023240078559788078
  97 |   0.0168683397554203|  0.024564910459533188
  98 |   0.017038971271320834|  0.02758766815200749
  99 |   0.016656492751033945|  0.022662398077513597
  100 |   0.01665654994272192|  0.023302168710576554
  101 |   0.016640793815549445|  0.023006338668091788
  102 |   0.016683939145551416|  0.02286136825629685
  103 |   0.01620108799774456|  0.022427562965636735
  104 |   0.01620650112059728|  0.021976919236895612
  105 |   0.01662152614780952|  0.025515571606577893
  106 |   0.016070176720671497|  0.02145240630690425
  107 |   0.015836536371764093|  0.023186414860931138
  108 |   0.01615386711094551|  0.02305107204620518
  109 |   0.016142899225950823|  0.025192884713109303
  110 |   0.01522966308674593|  0.02199839033639845
  111 |   0.015941070392456905|  0.024999014011601744
  112 |   0.01551644962612084|  0.02212768191689012
  113 |   0.01577695846766299|  0.02169366412101303
  114 |   0.015054437975102147|  0.029271414042536605
  115 |   0.014908694936096553|  0.021723206118897064
  116 |   0.014496716538824865|  0.021446907469105263
  117 |   0.01573114246366732|  0.027332504000429338
  118 |   0.01511802194866309|  0.02433697044036506
  119 |   0.01499264385126081|  0.02134267092241573
  120 |   0.014999771467555715|  0.02308557527084101
  121 |   0.014588993562184164|  0.02532252857705095
  122 |   0.014490841712944883|  0.026199100079199605
  123 |   0.014580428816585075|  0.02413664404597211
  124 |   0.01488247625197498|  0.02477215174530716
  125 |   0.014020695469994042|  0.0220812755402877
  126 |   0.01460752675734961|  0.022174680018430988
  127 |   0.01383123578984697|  0.022119087078836742
  128 |   0.014170539969521058|  0.022696955654321886
  129 |   0.014215543867203115|  0.024651205126302794
  130 |   0.014348539572902297|  0.02506571417680045
  131 |   0.013950363257025169|  0.02161666238369284
  132 |   0.013813566897683224|  0.021637071160147518
  133 |   0.013750600927048788|  0.022156480587460038
  134 |   0.013881368965799255|  0.02153371409890444
  135 |   0.01414942616172955|  0.022146420710577673
  136 |   0.013949952119612292|  0.021966679579996932
  137 |   0.013792586401690756|  0.021734297633695387
  138 |   0.013514857947094368|  0.023363633924001953
  139 |   0.013138605831875561|  0.02320127136377226
  140 |   0.012965005499819637|  0.021214363157517818
  141 |   0.012894527887803061|  0.023514407826635317
  142 |   0.012769221646585753|  0.026089706329854395
  143 |   0.013012317639655083|  0.02215473274128839
  144 |   0.012869415910177333|  0.022261241682614973
  145 |   0.012442956760514608|  0.023768548165683225
  146 |   0.012299831811474342|  0.022832446201482753
  147 |   0.013105510791683825|  0.02285413783272375
  148 |   0.01313363707630093|  0.0208405070524649
  149 |   0.012664388257086089|  0.021579479948906556
  150 |   0.012628029997864762|  0.021359504445192704
  151 |   0.012157487146479571|  0.021228342777720344
  152 |   0.012671802057444916|  0.021929451978161988
  153 |   0.012660904119222919|  0.023269666025082802
  154 |   0.012465721210897588|  0.020997717447650794
  155 |   0.012208112716651788|  0.021602230466791487
  156 |   0.012251890940963711|  0.02206786383856376
  157 |   0.012041902846304986|  0.022512454024695688
  158 |   0.012501490051235697|  0.02219842960433756
  159 |   0.012106679064863712|  0.020929193004015162
  160 |   0.011939392224910335|  0.021051946292494714
  161 |   0.011935654032585766|  0.021716562301228738
  162 |   0.011782040353432086|  0.020780544123208136
  163 |   0.011931939572805004|  0.020683690911403832
  164 |   0.012014810080956406|  0.022217269434191125
  165 |   0.011541688135349615|  0.0212327017947964
  166 |   0.0117053352407247|  0.02143294204065404
  167 |   0.011740305960332617|  0.023191585638740932
  168 |   0.011704701937264196|  0.022103621654749862
  169 |   0.011538007757636373|  0.021305058631592825
  170 |   0.011553830061954108|  0.022754118200875115
  171 |   0.011614864682298002|  0.021247568231195876
  172 |   0.01149958783231068|  0.021092996758059746
  173 |   0.011345827483682517|  0.021119297951650115
  174 |   0.011269039577505321|  0.026255228173515846
  175 |   0.01142926186715577|  0.022010599104136268
  176 |   0.011259138302002446|  0.022648010797076533
  177 |   0.011395947683787194|  0.021844144514427278
  178 |   0.010922460139099775|  0.02147574364897522
  179 |   0.01096413527891596|  0.021537904541803193
  180 |   0.010874519124658158|  0.0211338693278983
  181 |   0.011071325887887905|  0.02274038677748193
  182 |   0.011095391098676102|  0.022135417684409412
  183 |   0.010416782514171937|  0.021332289543406782
  184 |   0.010569237266176378|  0.02129635282737904
  185 |   0.010803997123783505|  0.021344418617621673
  186 |   0.010608723361054702|  0.021182762724520486
  187 |   0.011128028189632478|  0.022756764475569666
  188 |   0.010840666889748007|  0.02108767355121264
  189 |   0.010467499489859353|  0.021198333972247185
  190 |   0.01046336869333433|  0.022126313019645488
  191 |   0.01056510236155213|  0.021383780593040976
  192 |   0.010308313951779596|  0.0215409336739513
  193 |   0.010208325288888327|  0.025172943492128327
  194 |   0.010318745664393815|  0.023143097435147482
  195 |   0.01036933053381977|  0.02225024295912519
  196 |   0.010275023975655157|  0.024862163936177645
  197 |   0.010672130202819395|  0.02458224875781712
  198 |   0.010242159362735601|  0.02150320963819427
  199 |   0.00991656878321117|  0.022957757374783887
  200 |   0.010356531096801737|  0.023137569015986254
  201 |   0.010380241013827651|  0.022646717555633047
  202 |   0.010466888978763614|  0.021456466563685973
  203 |   0.010214557666910623|  0.02150195818409037
  204 |   0.009670981638506798|  0.022503037986618825
  205 |   0.0101283757124866|  0.024669591692926582
  206 |   0.009907062351110416|  0.02445117699832511
  207 |   0.00984146628380445|  0.0220686121249374
  208 |   0.009521002868109923|  0.021066059968410728
  209 |   0.00982928019688365|  0.022908607222484886
  210 |   0.010143517311642454|  0.021483017367169423
  211 |   0.009703844341509886|  0.023962464608895458
  212 |   0.009726143210193527|  0.021118420420433263
  213 |   0.00967828790103275|  0.02167225236868675
  214 |   0.009602121370841911|  0.021403859382709303
  215 |   0.00933963881710177|  0.023568472898845408
  216 |   0.009656899816602726|  0.021861770891692518
  217 |   0.00946964843860529|  0.022066478965779224
  218 |   0.009812075876739632|  0.021173206990619618
  219 |   0.009278770675142378|  0.021398169574874122
  220 |   0.009297800371948158|  0.022019578875062697
  221 |   0.009405465335826441|  0.022524923757089508
  222 |   0.009351855029144932|  0.02242064345488374
  223 |   0.009391190406737884|  0.02111073219586118
  224 |   0.009241139969176582|  0.022772139596267872
  225 |   0.009435421287521848|  0.02246794146750956
  226 |   0.009582077483014222|  0.021654393398872058
  227 |   0.009188421851395517|  0.021928549237551758
  228 |   0.00939377069942098|  0.025088912862126812
  229 |   0.009449452291189181|  0.02160253797235372
  230 |   0.009252355268807725|  0.022254692791620175
  231 |   0.009279116626255296|  0.022455215217304016
  232 |   0.008858470606867041|  0.02379815122728384
  233 |   0.009032311017503148|  0.02265535696499098
  234 |   0.00870703659152575|  0.02376236247521149
  235 |   0.008953294339620232|  0.023754958524646458
  236 |   0.008765085732135231|  0.02532636018113151
  237 |   0.008840071924413115|  0.023513755350377943
  238 |   0.008769699084908465|  0.022579488293818815
  239 |   0.008947917036927657|  0.021455330991515163
  240 |   0.008803011446681807|  0.022350482968166586
  241 |   0.008450202565105747|  0.021189459611546838
  242 |   0.008849611812429499|  0.021275697653577716
  243 |   0.008466549989890687|  0.021294003293940992
  244 |   0.008919100114826032|  0.02105584529766654
  245 |   0.00884408330755602|  0.02353364480877886
  246 |   0.008523827331119768|  0.020918017184419668
  247 |   0.00858200204485879|  0.021145046191389467
  248 |   0.0084923587960969|  0.021752599973870152
  249 |   0.008635398289939516|  0.021938246489387466
  250 |   0.008501702431181908|  0.021090377461336626
  251 |   0.008838561726798875|  0.021737105542948887
  252 |   0.00881622134862248|  0.021000847796623204
  253 |   0.00849890221151084|  0.025127028059156092
  254 |   0.008244657281508857|  0.022367219057206855
  255 |   0.008300148757893528|  0.021332734864746343
  256 |   0.008242054686244886|  0.021116452807795595
  257 |   0.008119840100038918|  0.02393346336385017
  258 |   0.008637345080409906|  0.022580425243992827
  259 |   0.008362069330087856|  0.021154529069016097
  260 |   0.008444236355832545|  0.02160590316339369
  261 |   0.007964700001059335|  0.022144494460010263
  262 |   0.00840198518894086|  0.022549146721213848
  263 |   0.008253480952841298|  0.022024936796929417
  264 |   0.008278408169501808|  0.020921939084231258
  265 |   0.008261031984619848|  0.021723220115531308
  266 |   0.008456172274953672|  0.025344989848426185
  267 |   0.008189339710726141|  0.02110279397841137
  268 |   0.007985073182452236|  0.021603332896474158
  269 |   0.007990437992687791|  0.021365229178993625
  270 |   0.008089175019416037|  0.022766137049110426
  271 |   0.007997349325289567|  0.021498262298433057
  272 |   0.008088722263756568|  0.022239123243534692
  273 |   0.008192208420445452|  0.024121679462904853
  274 |   0.007837676088788853|  0.021229478137220714
  275 |   0.007816581885877968|  0.020706063128591926
  276 |   0.007975482156235258|  0.022427947711397077
  277 |   0.008025244863269422|  0.020723896652847875
  278 |   0.007804265702318627|  0.021952382379192552
  279 |   0.007656931913609466|  0.02188203646959045
  280 |   0.007944760555463207|  0.021421679408819116
  281 |   0.007786055480676722|  0.02245028657942807
  282 |   0.007851274776400165|  0.021753156310507574
  283 |   0.007603886569860508|  0.021477189822021275
  284 |   0.007542102999832819|  0.02243622404982148
  285 |   0.007835068111068206|  0.02142365779046373
  286 |   0.007649900388121239|  0.02287188248318056
  287 |   0.007917918867280601|  0.02518751066876809
  288 |   0.007622407717899673|  0.021783238066650692
  289 |   0.007429457594841995|  0.021231396362645406
  290 |   0.0075686330514226265|  0.02121502551263142
  291 |   0.007616161131857501|  0.023791462770717375
  292 |   0.00757289259438447|  0.021702889940555702
  293 |   0.00777097857669868|  0.022700509539453927
  294 |   0.0076079700906128405|  0.021070009167255353
  295 |   0.007557554329502542|  0.02081379198882392
  296 |   0.007390466699901873|  0.02114585421630378
  297 |   0.007258095080330753|  0.021749290246552012
  298 |   0.007273711085060452|  0.021356072125283673
  299 |   0.007770851761053277|  0.024996805425778302
  300 |   0.007633372619838276|  0.022637398863369147
  301 |   0.007247560155319727|  0.020851491733728276
  302 |   0.007292657611172429|  0.021055064732421157
  303 |   0.007502243667913464|  0.02509839085423126
  304 |   0.007320633678705862|  0.021917105019623993
  305 |   0.007354806664197629|  0.021386744249358783
  306 |   0.007225897454451349|  0.021481804179365648
  307 |   0.007139532335339684|  0.023119384838406396
  308 |   0.0073365891011154495|  0.021238311927419366
  309 |   0.007160205551251067|  0.021316550328646978
  310 |   0.007077169225435772|  0.022896188644439534
  311 |   0.007084040501517481|  0.02153306927534842
  312 |   0.007212819682623128|  0.02146839720495872
  313 |   0.007096518686831848|  0.021333759574988006
  314 |   0.007189437708069822|  0.020776475415067514
  315 |   0.0071225765481714495|  0.021179771745281892
  316 |   0.006947600745561503|  0.024746409996660557
  317 |   0.0072801283456244365|  0.022523761469567447
  318 |   0.007162886232649219|  0.022230862701734435
  319 |   0.0070578218989775275|  0.02155969188043717
  320 |   0.007215588869398272|  0.02197883984298434
  321 |   0.006855759400687121|  0.020608596337299775
  322 |   0.007115860811784847|  0.02181783684635064
  323 |   0.006917515846340887|  0.026422167542705856
  324 |   0.007118025771222736|  0.02155109881460561
  325 |   0.006870748651750707|  0.02096754618714909
  326 |   0.006734657825981177|  0.022425883819570395
  327 |   0.007014854863824872|  0.020866401330670987
  328 |   0.006974189574922182|  0.021584407146925194
  329 |   0.006841690130709698|  0.022073901190119663
  330 |   0.006934991727614684|  0.02093692696586034
  331 |   0.006642844074873078|  0.021571987377489575
  332 |   0.00671622334345322|  0.02123655662595903
  333 |   0.0069400564193019725|  0.021006803108776458
  334 |   0.00715803650233318|  0.02104052460529306
  335 |   0.007034201262849764|  0.021123140544630516
  336 |   0.006850099441314215|  0.02148403030244785
  337 |   0.006651513179814736|  0.023452923044896636
  338 |   0.0065167158184429065|  0.020680114321623835
  339 |   0.006424639553079736|  0.021660176889809285
  340 |   0.006637426368305776|  0.02072569702404528
  341 |   0.006705666709954356|  0.022401910142161786
  342 |   0.006423222485818849|  0.02144519153808233
  343 |   0.006665826999575207|  0.021242554346460652
  344 |   0.006788972819434164|  0.021302681022912523
  345 |   0.006350350329684767|  0.021899791858255205
  346 |   0.006647566070515889|  0.02293345266781171
  347 |   0.006556821865164858|  0.023134550999869084
  348 |   0.006660241842657785|  0.020898662957615777
  349 |   0.006553835323415952|  0.02103655381227421
  350 |   0.006669493182430746|  0.020949821952247576
  351 |   0.006581832157649535|  0.021278122227957063
  352 |   0.006226772487179378|  0.021075362790137185
  353 |   0.006151321274568467|  0.021404888675359827
  354 |   0.006437818910478408|  0.021211922949078414
  355 |   0.006395780025225093|  0.02180548477228523
  356 |   0.006519347881624782|  0.021392095856508288
  357 |   0.006494001337891487|  0.0207988509883046
  358 |   0.006680178252445603|  0.02128694830309805
  359 |   0.006369876139425875|  0.021151910284383426
  360 |   0.006485719776542541|  0.02092731489100369
  361 |   0.006558264647882945|  0.021367448134880004
  362 |   0.006137513402932946|  0.02128780263938609
  363 |   0.006463400806718328|  0.021722773435453903
  364 |   0.006284873288885039|  0.022039933655245765
  365 |   0.006498526800530581|  0.021256674152103323
  366 |   0.006340801922916977|  0.022011359333305155
  367 |   0.0063801706762813505|  0.02206254453993368
  368 |   0.006379717898873886|  0.022275016438157724
  369 |   0.006327360730422678|  0.021864579178734113
  370 |   0.006290590622864243|  0.02077448539134069
  371 |   0.006388441131786392|  0.022389253327155148
  372 |   0.005984015825789814|  0.021333726398574518
  373 |   0.006075901713948764|  0.021302343610013156
  374 |   0.00632848287099591|  0.02189865858992702
  375 |   0.006275402830349168|  0.02111961275175629
  376 |   0.006125118866535896|  0.020756524883728585
  377 |   0.006392158179116624|  0.021967320062946206
  378 |   0.0061284983573950454|  0.020728099843691995
  379 |   0.006199090574304349|  0.020888289526546866
  380 |   0.006072829049005868|  0.020834986167014583
  381 |   0.005978536606676587|  0.021203230320334845
  382 |   0.0059891291052550566|  0.023049589078367384
  383 |   0.006147271405883452|  0.02194267087838611
  384 |   0.005959877912426921|  0.021113282651486952
  385 |   0.0061733560276808425|  0.022951568992349323
  386 |   0.006508488518321539|  0.023864943352258864
  387 |   0.006044044998949939|  0.02120035395550916
  388 |   0.005942553966206783|  0.020794621625575237
  389 |   0.00614823239729459|  0.021157678716484732
  390 |   0.005930764736186294|  0.020547304587181313
  391 |   0.005715835931527156|  0.02132395923897688
  392 |   0.005999607595362366|  0.021046535889223995
  393 |   0.005912969296178592|  0.02074950531000303
  394 |   0.006029310096511666|  0.020942079603161357
  395 |   0.005978328266973811|  0.021240656471560364
  396 |   0.0059930697751003304|  0.021875497510216845
  397 |   0.006164047703468703|  0.02281098005443295
  398 |   0.005899512171593456|  0.023729907169554743
  399 |   0.005767327294330088|  0.022267447371444583
  400 |   0.0059173322527802785|  0.023788287554937265
  401 |   0.005829045658823784|  0.021162517007100225
  402 |   0.006119027307809035|  0.022283010886523034
  403 |   0.005838045636206629|  0.02052796684781814
  404 |   0.005887895470170612|  0.021678080266880166
  405 |   0.0059405842174802175|  0.021100553603407412
  406 |   0.005747193724665863|  0.021233562115508937
  407 |   0.005766473646576771|  0.0254043466213747
  408 |   0.005776903088199631|  0.0210709018414854
  409 |   0.005812193034094698|  0.020720129567882994
  410 |   0.005888010196687211|  0.02130350630771508
  411 |   0.005839488890595818|  0.02090605080866665
  412 |   0.006204518546240973|  0.021200243659696826
  413 |   0.006029325745294232|  0.021748282080350276
  414 |   0.005741907518472004|  0.020813221699850098
  415 |   0.00595703491584989|  0.021645821510426634
  416 |   0.005756221549704788|  0.021581318041398248
  417 |   0.0056473141762536485|  0.021005354266639947
  418 |   0.005731185367728928|  0.02100146038530731
  419 |   0.005651916194841214|  0.020975770658157786
  420 |   0.005573124073338974|  0.021169923161010427
  421 |   0.0057224472327211265|  0.021051783622764046
  422 |   0.005792799327741951|  0.023518264387545226
  423 |   0.0057824758887464215|  0.021555907054126803
  424 |   0.0055690656873910276|  0.02113872913050782
  425 |   0.005877742501466179|  0.02118332121962721
  426 |   0.00562525576405566|  0.021689124080537064
  427 |   0.005673583059389157|  0.021082367412982313
  428 |   0.0053771225593413925|  0.021818053098901065
  429 |   0.005699355439121713|  0.020603555655380076
  430 |   0.005644373553210642|  0.020920189397520758
  431 |   0.005603985157280842|  0.02078078109929559
  432 |   0.005693822499225362|  0.02194348269789766
  433 |   0.005479612422421874|  0.021393162347383286
  434 |   0.005514857991532473|  0.02164664337957153
  435 |   0.005451661027708533|  0.021073463120007227
  436 |   0.005442302521596113|  0.021210209860885648
  437 |   0.005402699574799056|  0.021007218789502367
  438 |   0.005446684858881683|  0.021141185248125978
  439 |   0.005496408447810718|  0.020726655871942588
  440 |   0.005411482623605904|  0.02392812350866428
  441 |   0.005378387472765877|  0.022359017693044245
  442 |   0.005390462359804953|  0.021464290424838925
  443 |   0.005514496802279841|  0.021479369301809954
  444 |   0.005389329364606816|  0.02050400069721711
  445 |   0.00509762444099245|  0.02128785305958506
  446 |   0.005357056591353345|  0.021299595894663608
  447 |   0.00549356026032225|  0.023427550044779484
  448 |   0.005228472617061702|  0.02061239547435211
  449 |   0.005403135990289995|  0.020608990934012618
  450 |   0.005381154770389331|  0.020740481381590868
  451 |   0.005323991256663514|  0.02089321781254867
  452 |   0.005567972337233944|  0.020847332714837005
  453 |   0.005179407627555125|  0.020872024644089503
  454 |   0.005136187050509296|  0.021142436178673403
  455 |   0.005248385224868467|  0.021252932204567834
  456 |   0.005297228539611728|  0.02206051997154787
  457 |   0.005307813538594643|  0.020765847393021942
  458 |   0.005539354081994275|  0.022617160116133173
  459 |   0.005223829752649142|  0.020934395058392983
  460 |   0.005079605548491425|  0.020822041944032792
  461 |   0.005222340124651286|  0.021726721201504606
  462 |   0.004964427277973382|  0.020750239189277524
  463 |   0.0052987176634567085|  0.022147743579641877
  464 |   0.005419254137257943|  0.020976226650495356
  465 |   0.005021878018310076|  0.02086420620811068
  466 |   0.005046811168367966|  0.02163928380313323
  467 |   0.005202089529669233|  0.021813674693078905
  468 |   0.005126745959478891|  0.026817238960237598
  469 |   0.0051509971817145|  0.02294381821838345
  470 |   0.005114735920406865|  0.02119716616264405
  471 |   0.005173101313566391|  0.021427194320609824
  472 |   0.005128336031881197|  0.020718003952141427
  473 |   0.005306629868870902|  0.022084600057166226
  474 |   0.005105070738972363|  0.02091961353361962
  475 |   0.005125416599337156|  0.0208107271216496
  476 |   0.005230517344912546|  0.02299264396741336
  477 |   0.00509047743031509|  0.020656450244689012
  478 |   0.005150953866427477|  0.021271231779092965
  479 |   0.0049055633211265385|  0.020546247592634174
  480 |   0.0050756193526609065|  0.021135918528095373
  481 |   0.005100715888830185|  0.021316991384202212
  482 |   0.004893739682616359|  0.02123896226032339
  483 |   0.004916767375808391|  0.02140302379450552
  484 |   0.005238211288334067|  0.020666148346310788
  485 |   0.005091953208191589|  0.02703346236575868
  486 |   0.005122471004743923|  0.020464771058641848
  487 |   0.004942674299378885|  0.020726322573225896
  488 |   0.005154229017754493|  0.0206317869879483
  489 |   0.00503205663568934|  0.021050643657897064
  490 |   0.005107815802472954|  0.02224465043423228
  491 |   0.00520372091908067|  0.020722493279911294
  492 |   0.004705328866123984|  0.020591816591857683
  493 |   0.004783840654418985|  0.02052285981726379
  494 |   0.004911871900889955|  0.020574727082020544
  495 |   0.0051070189111221|  0.02179126110854642
  496 |   0.00483896982129084|  0.023105698061279226
  497 |   0.005125394287642445|  0.021117108987216866
  498 |   0.005043776947029654|  0.020578196629977542
  499 |   0.004944218235543598|  0.02157311121608034
  500 |   0.004945936388928971|  0.021264724047268497
  501 |   0.004737945324971371|  0.021106733846736857
  502 |   0.004755524362457408|  0.02338344770435315
  503 |   0.004722679720663368|  0.020635453039186104
  504 |   0.004928115877606244|  0.02084264918656529
  505 |   0.004949932719468269|  0.020500129278404004
  506 |   0.004949880629891026|  0.021287080148997366
  507 |   0.004860495720786379|  0.020551725758751204
  508 |   0.004633143649267476|  0.021400435798116953
  509 |   0.0049167132963089995|  0.02069904686239914
  510 |   0.00478190711212463|  0.02095148410467938
  511 |   0.004809704573120541|  0.02181420183167813
  512 |   0.004734844975914513|  0.020798953917079754
  513 |   0.004950548263321476|  0.020371568767293024
  514 |   0.004947549546890443|  0.022447075293545216
  515 |   0.004791630636745424|  0.020635778831606957
  516 |   0.004878499286194248|  0.021950720122912794
  517 |   0.004641098708360173|  0.02095172812013714
  518 |   0.004592378766742635|  0.02245379108186276
  519 |   0.004780276608404926|  0.02092848477679268
  520 |   0.004961469556073957|  0.021672447778869498
  521 |   0.004677683535628754|  0.022777910134730527
  522 |   0.004885034460633696|  0.02108853293203829
  523 |   0.004790636944454971|  0.020652239894651273
  524 |   0.004747574198431215|  0.020909348605763704
  525 |   0.004646410839604436|  0.020430364045433476
  526 |   0.004818272761737385|  0.02158932658845674
  527 |   0.004606554423973642|  0.02088670437533016
  528 |   0.004998418218570906|  0.02049902883021292
  529 |   0.004833751948222692|  0.020772869635445373
  530 |   0.004823501032285391|  0.02082474436677301
  531 |   0.004596822729501742|  0.021194356401593433
  532 |   0.004702957304494328|  0.02260176821739985
  533 |   0.004553990297381937|  0.020703445450848887
  534 |   0.004683944625923566|  0.020856217792107223
  535 |   0.004779490742898829|  0.020951791294640382
  536 |   0.004784246601881203|  0.020855738831406512
  537 |   0.004738389223735915|  0.021698497071771235
  538 |   0.0046752674483822336|  0.023284646146749816
  539 |   0.004612265270938608|  0.020556819856997074
  540 |   0.004704596155884876|  0.022270514162686276
  541 |   0.0047608018825932|  0.02058398614434296
  542 |   0.004704651610558554|  0.022057854723247415
  543 |   0.004583799262838805|  0.02090781533989636
  544 |   0.00471843995463254|  0.02367267989094426
  545 |   0.004735235332105964|  0.026349912048988483
  546 |   0.004483748680902872|  0.020979834871040368
  547 |   0.004593248694951773|  0.021757774813251453
  548 |   0.004650929903168903|  0.02160317564988699
  549 |   0.0044867874719001|  0.020998001925486003
  550 |   0.004864956052389608|  0.02049209106037999
  551 |   0.00442766882904965|  0.020501488068571678
  552 |   0.004710863801641227|  0.021161820994264273
  553 |   0.004608029378274315|  0.02430011153216298
  554 |   0.0046316375388341085|  0.023391557854860662
  555 |   0.004442109572321226|  0.021648449206336087
  556 |   0.004388685402456817|  0.020500757952223746
  557 |   0.0045170374698821|  0.020795403658698603
  558 |   0.004612521775196363|  0.020453416700768147
  559 |   0.0045715926286467095|  0.02052215343268997
  560 |   0.0043919060855444995|  0.020359793093604438
  561 |   0.004505912439229059|  0.020267005718481956
  562 |   0.004565191153814407|  0.021169515482380094
  563 |   0.004615045747615727|  0.020728920470530304
  564 |   0.00449178896113766|  0.020783135866594776
  565 |   0.004478116778522936|  0.021308235574689374
  566 |   0.004608283502151578|  0.021108482451362078
  567 |   0.004670324305920059|  0.020910805512771663
  568 |   0.004416283108599535|  0.021396782199975265
  569 |   0.004525480170699685|  0.020492705131273325
  570 |   0.004312399989451075|  0.02055372610722531
  571 |   0.00429009699977875|  0.020432464097070065
  572 |   0.004364247448256133|  0.021004097831867217
  573 |   0.004464384227279459|  0.02118730219602504
  574 |   0.004333719095247596|  0.020906142166509076
  575 |   0.0043739747927185975|  0.021786328963398528
  576 |   0.0044816127867818795|  0.02050240040812824
  577 |   0.004299394376731159|  0.020484732048190967
  578 |   0.0043220366287133015|  0.022026212030997926
  579 |   0.004306619549244591|  0.020827339698413994
  580 |   0.004359758249668557|  0.02062105679404169
  581 |   0.0045060755738567|  0.02097717382722789
  582 |   0.0043222376294027075|  0.022438623891852007
  583 |   0.0042216907139254346|  0.020475606031259592
  584 |   0.004261608225839156|  0.020998203760685657
  585 |   0.004309200944691065|  0.02072819218522889
  586 |   0.0043272420370119025|  0.020812165070051965
  587 |   0.004335852994467296|  0.02100904638873045
  588 |   0.004397192615268699|  0.020577739093004123
  589 |   0.004256168307148089|  0.020551528201370482
  590 |   0.0043586940561286805|  0.021590545327467774
  591 |   0.004355870070675394|  0.023275265944979286
  592 |   0.004405676284421481|  0.02095798874953446
  593 |   0.004520378127750699|  0.020563423376502268
  594 |   0.004383417257695658|  0.020354922332002666
  595 |   0.00428466301884869|  0.020644133685196218
  596 |   0.004409751391526945|  0.021049277649721986
  597 |   0.004304234802376389|  0.02195948789993346
  598 |   0.004284609893719652|  0.02363483336122711
  599 |   0.004267332812317126|  0.020371454607915878
  600 |   0.004256580955576253|  0.020582914819184655
  601 |   0.004240292039707062|  0.02052040198325339
  602 |   0.004184379616871326|  0.020415591121283636
  603 |   0.004207304479958545|  0.020976566957918268
  604 |   0.00439438351288471|  0.020741187137813356
  605 |   0.0044526756827993315|  0.0211919364875304
  606 |   0.004490897937147177|  0.02037569489710618
  607 |   0.004080098796923514|  0.020292440537853097
  608 |   0.004301572513962318|  0.02150620402336844
  609 |   0.004426513398704636|  0.022827856677113432
  610 |   0.004181224388403998|  0.02065846099695057
  611 |   0.004116460922334979|  0.020641756958906344
  612 |   0.00415895259289868|  0.020538874247111715
  613 |   0.0043950435327095045|  0.02064843313966218
  614 |   0.004272838990767073|  0.022453362472277565
  615 |   0.004185582246487404|  0.02447021354099365
  616 |   0.004216433338417876|  0.020888495251254493
  617 |   0.004143488740335365|  0.021031013103248574
  618 |   0.004113249032629174|  0.02068543075099723
  619 |   0.00403173592760812|  0.021434176591884704
  620 |   0.004135942199615466|  0.020330738514239974
  621 |   0.004262857873986235|  0.022165685493116396
  622 |   0.004090585229328924|  0.02066556976007254
  623 |   0.004154602288897887|  0.020239966050291987
  624 |   0.004330243533234497|  0.020447758557020565
  625 |   0.004209326929528246|  0.020391555668137447
  626 |   0.004138540735383689|  0.020333936748571126
  627 |   0.00404463040609637|  0.02144400966863549
  628 |   0.004077332861459311|  0.0216725390582027
  629 |   0.004146180204107233|  0.020803035906810104
  630 |   0.004243018029690222|  0.020960207945582374
  631 |   0.004120338220100052|  0.020693051006221073
  632 |   0.00393934057986024|  0.021375585427421212
  633 |   0.0042353968333122514|  0.020676289241201316
  634 |   0.00423018196079288|  0.021167835381702617
  635 |   0.0041745728532486225|  0.020777241920402215
  636 |   0.004061033666872751|  0.02030736129736921
  637 |   0.004029102531569152|  0.025076409419435508
  638 |   0.004144274630689077|  0.020828560741636023
  639 |   0.004097196440373174|  0.020264038945675942
  640 |   0.003881082167530301|  0.020660425048933125
  641 |   0.0040151538430756506|  0.0207306491450013
  642 |   0.0040930172849629855|  0.021761725530957888
  643 |   0.003950144848390942|  0.020947542553588563
  644 |   0.004044753677644222|  0.020351172998119046
  645 |   0.004085112755847251|  0.020828939026230304
  646 |   0.003912201238512128|  0.020390322812864414
  647 |   0.004099160607470228|  0.020766502559464942
  648 |   0.0039020945881171444|  0.02053289008671127
  649 |   0.003890956362909917|  0.021301409600274258
  650 |   0.004005059163970132|  0.02013297463764967
  651 |   0.004080052113696435|  0.020671361425698847
  652 |   0.003881090169335213|  0.020498887759085798
  653 |   0.003964220236552517|  0.022302209399100884
  654 |   0.003956783248555039|  0.020597710821679528
  655 |   0.004215971018299796|  0.020632283670497523
  656 |   0.003931497559966846|  0.02029856499091635
  657 |   0.004123795899923084|  0.021365702844653
  658 |   0.003902461098367923|  0.02065239964401579
  659 |   0.0039370840990703435|  0.020559147857250097
  660 |   0.004087306980721707|  0.020990642878826567
  661 |   0.004003756349570052|  0.02103541077598139
  662 |   0.003945134354254619|  0.020423437770897605
  663 |   0.0038848777025005023|  0.020582838642666756
  664 |   0.004078107437768939|  0.020487415914898947
  665 |   0.0038873948365313027|  0.021945951781761515
  666 |   0.004003657886418488|  0.020232192870702322
  667 |   0.00408606152192119|  0.021149763849350505
  668 |   0.0037616178121760626|  0.02067901144158418
  669 |   0.003997981824597266|  0.020152375774219716
  670 |   0.00396429467213357|  0.020563529674515225
  671 |   0.004020110039026259|  0.02117957204840816
  672 |   0.003921562584216885|  0.020594783001783034
  673 |   0.004054239408951325|  0.0203524953401766
  674 |   0.00392075362383869|  0.020456196558988584
  675 |   0.003997920509688928|  0.020721686705776145
  676 |   0.003924292216289841|  0.020471338333933276
  677 |   0.0038068804945848218|  0.020265206506206175
  678 |   0.003811934944415677|  0.021128727350003946
  679 |   0.0037960843905598587|  0.02046516114428914
  680 |   0.0038973844128488695|  0.020410689311955305
  681 |   0.0037169810873641735|  0.02010905772095658
  682 |   0.003946245939119911|  0.02035454109200262
  683 |   0.003782864419497504|  0.027698094509402842
  684 |   0.0038022374729917117|  0.0202318049426448
  685 |   0.003729195351242308|  0.020651053611992005
  686 |   0.0037323416635581747|  0.020104200935069573
  687 |   0.003812862927144454|  0.02036246494523848
  688 |   0.0037303421024462613|  0.02085393875766536
  689 |   0.0036797576773575113|  0.02015857517131621
  690 |   0.0038134893930929824|  0.022173402613260063
  691 |   0.003895446131243172|  0.020503504362984468
  692 |   0.003783215467572871|  0.020919087872539828
  693 |   0.0037144675653536454|  0.020538124334197393
  694 |   0.0037830725612333586|  0.02054435627695613
  695 |   0.003728419192962415|  0.020689776879343987
  696 |   0.003879448434991697|  0.020527259034013687
  697 |   0.003757243547682963|  0.020675890292168535
  698 |   0.0037573459010978526|  0.021327904068312854
  699 |   0.0038204528045926163|  0.020247357137187783
  700 |   0.003757113154825495|  0.020786916842237407
  701 |   0.00368985940837458|  0.02075991365602213
  702 |   0.003768872380469753|  0.0204806923059486
  703 |   0.0037421737916232423|  0.020499803117472244
  704 |   0.0038280909365806066|  0.02140947563061948
  705 |   0.0037635747376436996|  0.02181582487776803
  706 |   0.0036452719622014082|  0.021170798450348787
  707 |   0.0038602790432249773|  0.02117821061799413
  708 |   0.003730061689731422|  0.021723290633885377
  709 |   0.0037018195121719466|  0.02028914181510346
  710 |   0.003873158284415062|  0.020363820165605676
  711 |   0.003820618074220167|  0.020574177082033004
  712 |   0.003809549692451125|  0.020055994098272932
  713 |   0.0036282104041087675|  0.021135501382215014
  714 |   0.003744019761125455|  0.021782870805824105
  715 |   0.003728056691643203|  0.02033827208541508
  716 |   0.0037736175599694375|  0.0205379234217332
  717 |   0.003689836596358772|  0.02021949230578819
  718 |   0.003829968762951331|  0.020206052926107994
  719 |   0.003627870876712105|  0.020696293034781748
  720 |   0.0037453008536408564|  0.02016653668000142
  721 |   0.0036520772220924647|  0.020687263790478794
  722 |   0.003582647796720544|  0.020370571728262937
  723 |   0.003539121799742626|  0.020205188159142143
  724 |   0.003668722009667847|  0.020608910404902803
  725 |   0.003673779748823592|  0.02040153219896619
  726 |   0.003643537149290249|  0.020398321467239355
  727 |   0.0035590584280551694|  0.02044164425874519
  728 |   0.0036451381009218473|  0.0200607229421546
  729 |   0.0037376890661743457|  0.020217478750750396
  730 |   0.0036152475210362227|  0.02020727026232233
  731 |   0.003612908163132849|  0.021034933081777906
  732 |   0.0036006223912739537|  0.020264164993270502
  733 |   0.003627680307032985|  0.020394993773336454
  734 |   0.0035774681909500703|  0.020467576117468075
  735 |   0.003644495584214017|  0.02016269297183658
  736 |   0.003630256787091729|  0.02122669933722458
  737 |   0.0035816466512655983|  0.02024420132017853
  738 |   0.003567445267409797|  0.020313273053841216
  739 |   0.0035765620169218248|  0.020206667123574214
  740 |   0.0035009975686715474|  0.020088912136473465
  741 |   0.0035160450289021365|  0.020490475417868803
  742 |   0.0034731999080077542|  0.0200833020170642
  743 |   0.0035426434109881526|  0.02010902548355138
  744 |   0.0036917130486895365|  0.02079185143514584
  745 |   0.003606142647491308|  0.020492542410649663
  746 |   0.0036327952918227533|  0.02151468582640969
  747 |   0.0034836619470901826|  0.020653434982165247
  748 |   0.003561908229013386|  0.020409382300147886
  749 |   0.003716214346317835|  0.020059493950237803
  750 |   0.0035375824192729116|  0.02067412977428638
  751 |   0.0035698752283991344|  0.020142931829693303
  752 |   0.0035375321096659386|  0.020135747900881757
  753 |   0.0035128652069128705|  0.020248718190845883
  754 |   0.0034192389636220895|  0.020160970542116255
  755 |   0.0034492097105617704|  0.020245865211875616
  756 |   0.0034951704738244026|  0.020080284416615295
  757 |   0.0034670340832745382|  0.020342852376785917
  758 |   0.0035093230455270834|  0.020862928630742253
  759 |   0.003573655532293865|  0.020266185264484926
  760 |   0.003442239639700488|  0.02062794678346431
  761 |   0.0035646202313725493|  0.020316602697500623
  762 |   0.0034986458191760385|  0.02023021813516967
  763 |   0.0035068088458533077|  0.02020993155807745
  764 |   0.0033490386333482535|  0.019892322281641527
  765 |   0.003522250115884185|  0.020422776531058444
  766 |   0.0034460020383927092|  0.020310557521959257
  767 |   0.003495650358838159|  0.019976714892508535
  768 |   0.003382313760958296|  0.02012124434182365
  769 |   0.003298591831980519|  0.020406313062125845
  770 |   0.0034899209972146885|  0.02019704332473178
  771 |   0.0035064960692696968|  0.020807404867274556
  772 |   0.0034612966533516857|  0.021883297892597468
  773 |   0.0035106193755869357|  0.0200941737894019
  774 |   0.003443543632268707|  0.020249990784441646
  775 |   0.0034840633874102162|  0.020378267588913538
  776 |   0.0034991128416605516|  0.023177493599975695
  777 |   0.0034510022408612505|  0.020123213057070276
  778 |   0.0033312818450655477|  0.020294736492425657
  779 |   0.0033952237121570314|  0.02180334737518638
  780 |   0.0034615175340753004|  0.02038528155599234
  781 |   0.0035152145937843078|  0.02016905791510778
  782 |   0.003475456351420587|  0.020575894059947815
  783 |   0.0034197289509744827|  0.02014347876691667
  784 |   0.0036526610774024553|  0.020845375565886365
  785 |   0.0034591636276883856|  0.01991046342747316
  786 |   0.0033525464498899787|  0.020610356996890483
  787 |   0.0035042537395378695|  0.020127667925154493
  788 |   0.0034710867963749707|  0.01997066707796196
  789 |   0.0033988561124124778|  0.020905790068622133
  790 |   0.0035145206451868563|  0.021032510404440926
  791 |   0.003355755706957088|  0.020383825681399518
  792 |   0.003520682682731397|  0.01988626545447413
  793 |   0.0034067118144070164|  0.020195079203853265
  794 |   0.0032365795027620155|  0.020617159279466897
  795 |   0.0033388233419617878|  0.02039172586305308
  796 |   0.003251750502406622|  0.02020768907885818
  797 |   0.003263626096474428|  0.01993135604997049
  798 |   0.003285176810596604|  0.020446438398636243
  799 |   0.003404143906629374|  0.02039147166224204
  800 |   0.0034608733202408756|  0.020296631182893796
  801 |   0.0034759156994610546|  0.020434032323658223
  802 |   0.0033259078563935723|  0.019972895869248188
  803 |   0.003329463217859882|  0.020556462850520957
  804 |   0.003487248736678477|  0.02175908500740426
  805 |   0.0034747295329748446|  0.01998696145133062
  806 |   0.003340575801549698|  0.020098132455685737
  807 |   0.003323794539015022|  0.021449680496737466
  808 |   0.003438710296723105|  0.019991820207179437
  809 |   0.0032656558201331846|  0.02037137272744304
  810 |   0.0032900810677988107|  0.02018660468120178
  811 |   0.003375889459689068|  0.020136774639741933
  812 |   0.0032501542080500827|  0.020781476091688154
  813 |   0.0033108796028549032|  0.020709519254541047
  814 |   0.003382210779469947|  0.020030780401334523
  815 |   0.003276587164968674|  0.02089269537032087
  816 |   0.0033205507223197993|  0.02216847573578798
  817 |   0.0033494256710011674|  0.020275680230879528
  818 |   0.0033381159402578594|  0.020877440726668094
  819 |   0.0034246196480238575|  0.02039742808922046
  820 |   0.0034407284232675877|  0.01975874960201434
  821 |   0.0033053174537183722|  0.02227851278400225
  822 |   0.0033997389833085563|  0.019946575876399312
  823 |   0.0033086816973885566|  0.019879414034616072
  824 |   0.003348592571395923|  0.020024256033301883
  825 |   0.0033709799232383075|  0.020442762411664903
  826 |   0.00315131674091781|  0.02003976929139953
  827 |   0.0034325341022133104|  0.020331931487392246
  828 |   0.003410289207935163|  0.019914735881804042
  829 |   0.003265702691672726|  0.020693840116972503
  830 |   0.003459201662739806|  0.01983351559702954
  831 |   0.0032398664616128366|  0.020430081288164932
  832 |   0.0034405601210997696|  0.02050177135897892
  833 |   0.0034315574779903565|  0.020374703280823893
  834 |   0.0032482665735365642|  0.020328309902999282
  835 |   0.003256198913649038|  0.020078571944839904
  836 |   0.00328798053507243|  0.01989914982686144
  837 |   0.0033183413803674726|  0.020319513308566906
  838 |   0.0032167797275289025|  0.019962078275575886
  839 |   0.003188560808035487|  0.02092885600467542
  840 |   0.003220199598528464|  0.02012024399820684
  841 |   0.0032841924600535257|  0.020298629462605633
  842 |   0.0033474756024023714|  0.020251028562582565
  843 |   0.003239508738311904|  0.0204491278600013
  844 |   0.003236343847915703|  0.01992350213422542
  845 |   0.003337994712662761|  0.02140048334822044
  846 |   0.0033556682303940485|  0.02276043887903512
  847 |   0.00326888895690062|  0.020534926250741842
  848 |   0.003119892287642356|  0.020106807199921778
  849 |   0.0033653914669903146|  0.0201487715480531
  850 |   0.003281679457433908|  0.02031249298233315
  851 |   0.0032938173954252434|  0.023697967963220972
  852 |   0.00330138636648198|  0.020133917494407468
  853 |   0.0032563735401797337|  0.02003482269725113
  854 |   0.0031573076574806396|  0.01984427679581526
  855 |   0.0034847129191034948|  0.020197799010961828
  856 |   0.0031794186421622047|  0.01998044371428692
  857 |   0.0034163337250201972|  0.021427657110475427
  858 |   0.0031924674769908787|  0.020200845327897336
  859 |   0.0032257408230489627|  0.02046944390776848
  860 |   0.003301185037860189|  0.020360657676991144
  861 |   0.0031632107672349826|  0.020372277137825367
  862 |   0.003245314550698744|  0.020430968008511158
  863 |   0.0031832695263684877|  0.02018105865477798
  864 |   0.0032539076696041164|  0.021496487560520423
  865 |   0.003083460865145415|  0.020238000190208553
  866 |   0.003290511085712153|  0.0204240898191939
  867 |   0.0032660276663757266|  0.020068132341366562
  868 |   0.0031982072224018177|  0.02371279892309782
  869 |   0.003188112830071416|  0.019762681396848
  870 |   0.003144332584337077|  0.019778149986893482
  871 |   0.0032299513046685616|  0.019984333836562066
  872 |   0.003291419421947939|  0.020569872909226957
  873 |   0.0031070790138813483|  0.0203895480131474
  874 |   0.0031566521152436365|  0.02091001951463618
  875 |   0.00314739710753585|  0.01986897348340943
  876 |   0.003094323383585682|  0.02004130849437609
  877 |   0.003183515093157914|  0.02120043978350373
  878 |   0.0030963925722821985|  0.020151553689694963
  879 |   0.0032405306128972973|  0.019946799619306968
  880 |   0.0031102772821686333|  0.02012743991035507
  881 |   0.0030707907124177683|  0.019998320126983306
  882 |   0.0031988276210237077|  0.020487324177993246
  883 |   0.003143991202483327|  0.020203148020858822
  884 |   0.0030862393059281268|  0.02149837199472604
  885 |   0.0032480411711162164|  0.020733779193236167
  886 |   0.0032011053023455315|  0.020047483482664757
  887 |   0.003046259404519742|  0.019844888495743975
  888 |   0.0032243971513494793|  0.02008625817009918
  889 |   0.0031552198711071403|  0.02022859350496199
  890 |   0.0030516553507637487|  0.019942875248112505
  891 |   0.0030527717071542745|  0.019760832593273044
  892 |   0.00315538972826762|  0.02064146833247721
  893 |   0.0031427962786576462|  0.022443780669172894
  894 |   0.0032546185970451723|  0.021758403307342977
  895 |   0.0030032374836245165|  0.020500522973236388
  896 |   0.0030329557280454563|  0.020196790128042486
  897 |   0.0031408491341704927|  0.019997647608175573
  898 |   0.003089686663754744|  0.01975835546902375
  899 |   0.003083673489890635|  0.01986677761632252
  900 |   0.0031075434945758676|  0.02055043821563055
  901 |   0.003282700170702978|  0.01988517360228284
  902 |   0.0031295471189133465|  0.020041706019577686
  903 |   0.0031129376174274482|  0.020039401974139674
  904 |   0.003130188434013008|  0.019886910732199104
  905 |   0.0030438946631987257|  0.02027427077292341
  906 |   0.003085826069330902|  0.020451839900411353
  907 |   0.0029997249629954786|  0.0209678828961055
  908 |   0.0031529634695653796|  0.020093469409219213
  909 |   0.0031172666869138414|  0.019854987404593735
  910 |   0.0031472019646211023|  0.019882052307369565
  911 |   0.0030835308280243124|  0.021139499780045316
  912 |   0.0030511984055698483|  0.0204211332680132
  913 |   0.00301227668978146|  0.019918688805373883
  914 |   0.002974709344034019|  0.021058342785628344
  915 |   0.0032772930346870273|  0.020044939191625945
  916 |   0.003146923095165076|  0.019898245395252843
  917 |   0.0030417265394948|  0.02042618912766871
  918 |   0.0032628044104830996|  0.020100803858568737
  919 |   0.003076484239795939|  0.019952737350727848
  920 |   0.003127023404028202|  0.021239672530094723
  921 |   0.0031458261395931777|  0.020164429482485726
  922 |   0.0030142835063110946|  0.02024775264686258
  923 |   0.003071391323055523|  0.02033167632969355
  924 |   0.0030365977642277265|  0.01989414099455897
  925 |   0.00317229682023502|  0.020478959902424678
  926 |   0.0030746592910027254|  0.021758055027443046
  927 |   0.002905838595951278|  0.01974993498187284
  928 |   0.0030677479727782855|  0.02022830046852997
  929 |   0.003061682284717977|  0.019701100017358694
  930 |   0.003038487272892639|  0.020299345413540833
  931 |   0.0030367475000826756|  0.019805252455670302
  932 |   0.003079347635067243|  0.019640892331327882
  933 |   0.0029922641355438267|  0.01988973833275384
  934 |   0.0028863236165943126|  0.021729657474870653
  935 |   0.002975220942754462|  0.019906440046826016
  936 |   0.0030139583335958586|  0.019929760872120925
  937 |   0.002973911109755411|  0.019928932573408012
  938 |   0.003061171935310176|  0.020127109884311038
  939 |   0.0029541128543276196|  0.019865145766771036
  940 |   0.00298588047382348|  0.019925434679570517
  941 |   0.003028667086337627|  0.020150678738579432
  942 |   0.00296735467404866|  0.020255472972618163
  943 |   0.0028977854120827147|  0.02006684338928383
  944 |   0.0030420302974324747|  0.019880078102016193
  945 |   0.0030401020906367687|  0.020625673806555854
  946 |   0.0029708030288420713|  0.019895896262562454
  947 |   0.0030647037651939145|  0.020366717976379546
  948 |   0.0030452413868843385|  0.021165178118993287
  949 |   0.002945655221677137|  0.020042308764598053
  950 |   0.002880705873580424|  0.019708779695722423
  951 |   0.002943988666329092|  0.020068744370105796
  952 |   0.0028861748935224245|  0.01988628725496714
  953 |   0.0029635026761757575|  0.019951608162176584
  954 |   0.0029343703434288795|  0.020061893943744833
  955 |   0.002891443592533817|  0.019874051275280517
  956 |   0.0028433881759365315|  0.01980003434190733
  957 |   0.0029116150382667966|  0.020113468941737593
  958 |   0.0029624244065014553|  0.019737001297116405
  959 |   0.0029150736702712224|  0.019784028657237517
  960 |   0.003113208297449219|  0.01989227562368194
  961 |   0.0029603606833865197|  0.019638279081546233
  962 |   0.003015872564873738|  0.020291732663204692
  963 |   0.002955457392110979|  0.01997874704691937
  964 |   0.0028881080929984136|  0.02072027071461637
  965 |   0.002892250532661342|  0.02134929221381513
  966 |   0.0030254468087311053|  0.02055453328492402
  967 |   0.0029069666779871464|  0.019909588453242637
  968 |   0.003069654480683127|  0.019842231494169388
  969 |   0.0030292123442736568|  0.02011193913566215
  970 |   0.0028332630883522083|  0.020276296671641932
  971 |   0.0030436604909878837|  0.020186756549298364
  972 |   0.002887340611848155|  0.019987294144618865
  973 |   0.0030023011611977346|  0.020044496417751897
  974 |   0.0030519855464767975|  0.02070232174735588
  975 |   0.00288528478067091|  0.02017528138943041
  976 |   0.00282195246741126|  0.020982740264442384
  977 |   0.0028785884013232113|  0.019978914883609693
  978 |   0.0028766426699279846|  0.02044421786236271
  979 |   0.002911296266264134|  0.02092533744774269
  980 |   0.002930181939834792|  0.02034117424418395
  981 |   0.002987326728956038|  0.020356359533630797
  982 |   0.0029220210755359203|  0.01971373362406793
  983 |   0.0029430989750945753|  0.019840965483201536
  984 |   0.002967591260913373|  0.02014678337532192
  985 |   0.003009752212108276|  0.02010727820795799
  986 |   0.0028071913950892904|  0.020815573882644166
  987 |   0.0028980793349130144|  0.02050537089679814
  988 |   0.002844707550710546|  0.02013436943803792
  989 |   0.0028035676835712993|  0.01997080306703113
  990 |   0.0029232042796733635|  0.022021660937641085
  991 |   0.0028894397704587746|  0.020048148627077902
  992 |   0.002852280065923792|  0.020363358809656586
  993 |   0.0028059303413500002|  0.019953548407514083
  994 |   0.0028806193243675667|  0.02050596578556484
  995 |   0.002890907728722646|  0.020706383936961444
  996 |   0.00296733138424073|  0.020024413023371945
  997 |   0.0029685085991868307|  0.02004947182479625
  998 |   0.0029978178996925274|  0.019810083323918985
  999 |   0.002926489410459785|  0.01986978754609601
