 0 |  0.20601155685689254| 0.18706676546216147
 1 |  0.19452416560690408| 0.18891017612059616
 2 |  0.19356141641354452| 0.18706605307222307
 3 |  0.19320563591529002| 0.1871346831386138
 4 |  0.19310234976069013| 0.18823647017961068
 5 |  0.19377720492962225| 0.1872488493497033
 6 |  0.19349260630420742| 0.19263824517418487
 7 |  0.1923649934721905| 0.18710676114395086
 8 |  0.19225925582541029| 0.18841329383100403
 9 |  0.19277889329978365| 0.18883817644407339
 10 |  0.19276933523020026| 0.1914433883063143
 11 |  0.1922174576013775| 0.1899636428559307
 12 |  0.19277565647208195| 0.1869543140319328
 13 |  0.19138789492048888| 0.18786911523021257
 14 |  0.19204682583400848| 0.18715095258427947
 15 |  0.19181326405472404| 0.1877964803768788
 16 |  0.19176456815008774| 0.18765846261594835
 17 |  0.1924583849872308| 0.18646086723476696
 18 |  0.1923098683394205| 0.18623591761588296
 19 |  0.19189724802041308| 0.18596306084041844
 20 |  0.19159286255449087| 0.1883280014396503
 21 |  0.19155831065391118| 0.18846439953214347
 22 |  0.19142887516351775| 0.18442486492978685
 23 |  0.1912866020011266| 0.18530388570092282
 24 |  0.1894925640167317| 0.2065768096466596
 25 |  0.18691060798448964| 0.17214132449215122
 26 |  0.18318515097691232| 0.15966170234704757
 27 |  0.1794423112695091| 0.1523228208819697
 28 |  0.17756879753229307| 0.1459128522850651
 29 |  0.17339153274139354| 0.14546072348980774
 30 |  0.17200292366663247| 0.13848721160702582
 31 |  0.1708154736181983| 0.13721631849339921
 32 |  0.16754438126694113| 0.14368801358916078
 33 |  0.1670449019253705| 0.13246758164743905
 34 |  0.16502165366988572| 0.1383849838939118
 35 |  0.16473120835427016| 0.13186342543873228
 36 |  0.1629944013663699| 0.1298816840728931
 37 |  0.16230800626950073| 0.1377433865793375
 38 |  0.163331175493365| 0.12856503867235358
 39 |  0.16049857750481264| 0.12774390647237194
 40 |  0.1605599619428633| 0.1262263103673864
 41 |  0.15951475580286126| 0.12532347853648373
 42 |  0.15901971912284038| 0.12712145601218708
 43 |  0.15752481892950101| 0.12622972347899206
 44 |  0.15672925105578325| 0.12607554196346749
 45 |  0.15608276217515307| 0.12232624834233197
 46 |  0.15554997607718463| 0.11931618861412056
 47 |  0.15644518723664755| 0.1268786371346202
 48 |  0.15448555116111823| 0.11882075364154694
 49 |  0.15132652865217844| 0.12650253619531046
 50 |  0.15415529250575916| 0.120895606389973
 51 |  0.15374594814401035| 0.11515135509952909
 52 |  0.14823299709234783| 0.11311237569712976
 53 |  0.15201058440476006| 0.11691195115024551
 54 |  0.1508003076274194| 0.11327191015693405
 55 |  0.1493476703224868| 0.11017758120746954
 56 |  0.1488107267577563| 0.11116203597812417
 57 |  0.14678930006300867| 0.10888300070744868
 58 |  0.14784763732207562| 0.10784247892923227
 59 |  0.1472683545802187| 0.10602637258456392
 60 |  0.14526536063746887| 0.11221852237579465
 61 |  0.14494836595688215| 0.10313583261161516
 62 |  0.14654714183795417| 0.10188894346788344
 63 |  0.14533235661920535| 0.10093365814944794
 64 |  0.14366515918996725| 0.09877534285414677
 65 |  0.14399841447488795| 0.09744524002347243
 66 |  0.14260025771591925| 0.09675982085847105
 67 |  0.1431254885560878| 0.09626984570013089
 68 |  0.14122945638481899| 0.09479446175165065
 69 |  0.14040337960388022| 0.096569908978739
 70 |  0.14002769041198992| 0.09820364533053742
 71 |  0.13727031790270333| 0.09483403505912492
 72 |  0.13883456224939508| 0.09113948149669546
 73 |  0.13755819751155535| 0.09049090488425175
 74 |  0.14038450166427807| 0.09062150702433466
 75 |  0.13745362232420497| 0.0884472735706649
 76 |  0.137204555853892| 0.0892674210319345
 77 |  0.1359889113744257| 0.09210113171102441
 78 |  0.13834076067727702| 0.09846020952624467
 79 |  0.13578837282441758| 0.08686513941378207
 80 |  0.13839999370741476| 0.08728361415130621
 81 |  0.1362443422895441| 0.09547327471982281
 82 |  0.13709315452106685| 0.08677113545617889
 83 |  0.13631516153759868| 0.09365303432339271
 84 |  0.13632760899879748| 0.0856723641327811
 85 |  0.13613182595691914| 0.08625199597909336
 86 |  0.1364939288021606| 0.09167047578611141
 87 |  0.13517315902624596| 0.08542817375118905
 88 |  0.13539884132353727| 0.0844615314485111
 89 |  0.13513100694952707| 0.08341173125515101
 90 |  0.13382963122186384| 0.08138250247599797
 91 |  0.13325645499277297| 0.0815395255609508
 92 |  0.13447493628892676| 0.08118206355970378
 93 |  0.13509207589168254| 0.0831556741874125
 94 |  0.132957085349524| 0.0805002358421356
 95 |  0.13190152731461974| 0.079955582621342
 96 |  0.1354084017646006| 0.08649762705505451
 97 |  0.13484934515080144| 0.08020738584069456
 98 |  0.13131743532884765| 0.08633690660272356
 99 |  0.13326761587559702| 0.07900347522475286
 100 |  0.13209166763205446| 0.08098452271215636
 101 |  0.13213149150626693| 0.07889343269773358
 102 |  0.1335469432727498| 0.0794821706353321
 103 |  0.13224592048356124| 0.07721142736098123
 104 |  0.13246841636364998| 0.08461150747590987
 105 |  0.13274465643817351| 0.07785711842881851
 106 |  0.13145252841228658| 0.07673838004610135
 107 |  0.13055599301808554| 0.07693687189204661
 108 |  0.13219505047921984| 0.07665178163656733
 109 |  0.1324482497894089| 0.07752495635932806
 110 |  0.1316112768762615| 0.07545895312101342
 111 |  0.131675560558054| 0.07920159014555848
 112 |  0.12895278133093893| 0.07964624101019335
 113 |  0.1332756144104886| 0.07741587835967408
 114 |  0.13048394246696204| 0.07484554511695207
 115 |  0.13022369744678874| 0.07383051966866506
 116 |  0.12996164905826654| 0.07498688510043465
 117 |  0.12988931297601056| 0.07473909647238851
 118 |  0.13148133789734878| 0.07993521272074283
 119 |  0.13173725559295346| 0.07515824562090238
 120 |  0.12970909606773787| 0.07469502409942873
 121 |  0.12994117988397214| 0.07703298554993633
 122 |  0.1304194187477968| 0.07531847333035777
 123 |  0.1299909278080944| 0.0739356329332834
 124 |  0.12897186279060097| 0.0726175419779688
 125 |  0.12948539998236147| 0.07347846961430879
 126 |  0.13095883689784782| 0.073894849298483
 127 |  0.12922125497946021| 0.0720618149515642
 128 |  0.13016773534277826| 0.08163025484477224
 129 |  0.13014371368971595| 0.07360419748755119
 130 |  0.13088813142900832| 0.07162807201219072
 131 |  0.12828759993227049| 0.07489029840072782
 132 |  0.1295639834069888| 0.07213582905827973
 133 |  0.12852714725334471| 0.07151652963083456
 134 |  0.13002484854362203| 0.07331444962499505
 135 |  0.12992167638441707| 0.08016257673238068
 136 |  0.1281671983172408| 0.07229851244758216
 137 |  0.12999552179740595| 0.0813331526757851
 138 |  0.12959102015911103| 0.07239877208755484
 139 |  0.12950193944506272| 0.07635484727103853
 140 |  0.12894505731440348| 0.07340249762116105
 141 |  0.12879694113122717| 0.07180556901370104
 142 |  0.12775077449703298| 0.07182526590257712
 143 |  0.12906606377425872| 0.07262819715759365
 144 |  0.12966457614563695| 0.0701059620591943
 145 |  0.12799945617297995| 0.06951902283138651
 146 |  0.12815021047876443| 0.07311187977327607
 147 |  0.12656681635148856| 0.0711161273592251
 148 |  0.12818541950488474| 0.06974860818930087
 149 |  0.129108673191167| 0.08009369806286727
 150 |  0.12811415872997978| 0.07514855768023718
 151 |  0.12720241252798872| 0.06784720224950438
 152 |  0.12832297969000456| 0.06969039473070522
 153 |  0.12662588616342013| 0.06843131007585518
 154 |  0.12735951592757608| 0.06858235752531915
 155 |  0.12863624504712326| 0.06911647542513256
 156 |  0.1275808779943721| 0.06773893302020637
 157 |  0.12673769906471974| 0.0697042955219938
 158 |  0.13000822431206924| 0.06799747826076599
 159 |  0.12707995433880587| 0.06704083054860276
 160 |  0.12513199082191123| 0.06729218021763408
 161 |  0.1255396389998816| 0.06643997774395893
 162 |  0.12810276947997418| 0.06951819747276708
 163 |  0.12823822057348097| 0.0671849635575785
 164 |  0.12771832601843644| 0.07226826466997349
 165 |  0.1289957133531353| 0.06735332133153414
 166 |  0.12767776713023293| 0.06710940476255561
 167 |  0.1279820212262891| 0.06855868966363768
 168 |  0.12825398717375658| 0.06805160428549811
 169 |  0.12772706688388819| 0.0662409826694568
 170 |  0.1256856217223853| 0.06793291979022276
 171 |  0.12840002153697078| 0.06779570721549867
 172 |  0.12647921138220108| 0.0673723710654311
 173 |  0.12649698049336358| 0.06729621176653913
 174 |  0.12676034292491428| 0.06589238991847715
 175 |  0.12619973739060136| 0.07606266761732018
 176 |  0.1263970080713413| 0.06525429714289956
 177 |  0.12608004611639606| 0.06502165848025307
 178 |  0.12787815599857594| 0.06932562619075693
 179 |  0.12423205148902235| 0.07429140830791256
 180 |  0.12669224925752387| 0.06497379444254137
 181 |  0.12710055209112647| 0.06428583012038414
 182 |  0.12657224405247858| 0.06626921939483987
 183 |  0.12625052727496822| 0.06596564617158569
 184 |  0.1265155665447143| 0.06481536612282762
 185 |  0.12576370363106082| 0.06541902344463729
 186 |  0.12804417988529718| 0.0643687157962099
 187 |  0.12524407243069396| 0.0641882376521828
 188 |  0.12682225266439076| 0.06481514458280814
 189 |  0.1267661704220108| 0.06536909637119774
 190 |  0.12486989604540578| 0.0648534676156622
 191 |  0.12425290272968514| 0.06556723239821731
 192 |  0.12629817030935955| 0.06367245572259468
 193 |  0.12470093865680829| 0.06712580159105068
 194 |  0.1261979901497115| 0.06563398675075395
 195 |  0.12613058170690772| 0.06570371450176711
 196 |  0.12451605515483323| 0.06373552331295175
 197 |  0.12770661186264606| 0.06321119823628807
 198 |  0.12604701270879243| 0.06340939778134058
 199 |  0.12663595789439921| 0.06603423989856097
 200 |  0.12551374202504445| 0.06361239778964801
 201 |  0.1248300700791287| 0.0634637091997072
 202 |  0.12528759864610875| 0.06486208898741895
 203 |  0.12620765318507807| 0.06261643967646566
 204 |  0.12300353808055729| 0.07150893492506617
 205 |  0.12511706935680217| 0.06381994237528783
 206 |  0.12652348998315543| 0.06428180335860775
 207 |  0.12515605603393895| 0.06553692932223452
 208 |  0.12367001179035958| 0.07156517672057777
 209 |  0.1274823375070568| 0.06485713960242133
 210 |  0.12678553775096316| 0.06458043518486145
 211 |  0.12462828742484514| 0.06253245949696859
 212 |  0.12605850001604232| 0.06501715949778354
 213 |  0.12577586127475981| 0.06794526356168651
 214 |  0.1255785920359206| 0.062305582676884526
 215 |  0.12374995980548156| 0.06283189303674717
 216 |  0.12464272189636744| 0.06388811406279493
 217 |  0.12602070921334052| 0.06530969877841693
 218 |  0.12714744485985227| 0.06405961007728339
 219 |  0.12456649497607362| 0.06385378216072703
 220 |  0.12431879465260116| 0.06591114684510319
 221 |  0.12635664199489421| 0.06257877692720144
 222 |  0.1259920810721533| 0.06417713793251699
 223 |  0.12441417476808571| 0.06332175228878992
 224 |  0.1243541040208083| 0.06289147467526236
 225 |  0.12492382741495364| 0.06359265688090132
 226 |  0.12503165547277678| 0.06480970462866799
 227 |  0.12407225300920859| 0.06184043340178217
 228 |  0.12259945230338176| 0.07352476229079653
 229 |  0.1241850757262216| 0.0614903424526062
 230 |  0.12482134466559783| 0.060810525972982025
 231 |  0.12298505032863569| 0.0631981051804714
 232 |  0.1250774802272355| 0.06493184007202839
 233 |  0.12463842470716337| 0.06036868555076915
 234 |  0.12490875738706797| 0.060351881472256924
 235 |  0.12362107962353702| 0.06412145283876873
 236 |  0.12435995150656838| 0.06744976622070313
 237 |  0.12501907210373223| 0.061920055325946105
 238 |  0.1246358435583608| 0.06458142621451174
 239 |  0.1251512669806101| 0.06244639583317612
 240 |  0.1244310885420468| 0.059457056744544885
 241 |  0.12290539307595387| 0.060722070212991405
 242 |  0.12636464347243254| 0.06324752769411661
 243 |  0.12413788824931823| 0.06316734800926549
 244 |  0.12622676977060507| 0.060788609651150925
 245 |  0.1246946383145155| 0.060892945652799194
 246 |  0.12374604106874218| 0.06269102824057891
 247 |  0.12464467835997493| 0.060519833741100294
 248 |  0.12393029569519826| 0.061880172543808384
 249 |  0.12366708583915924| 0.06050892406228087
 250 |  0.1242123485594645| 0.06313661213745521
 251 |  0.12424495076337003| 0.06524960945932251
 252 |  0.12407963255706594| 0.06091974981634483
 253 |  0.12330873370726367| 0.06053591509432853
 254 |  0.12298964006101014| 0.06370849502999831
 255 |  0.12400601945722979| 0.059891486881214616
 256 |  0.12261606250864188| 0.06168401182197228
 257 |  0.12323291102652588| 0.05948394955623446
 258 |  0.12374062894470486| 0.06143686686555079
 259 |  0.12326433888709004| 0.05847794696592899
 260 |  0.12217508896354526| 0.05831246889693616
 261 |  0.12314537375379947| 0.06392667602421301
 262 |  0.12451230452803348| 0.0604216696721141
 263 |  0.12329961967223914| 0.06269885582248427
 264 |  0.12371339440677812| 0.05910711771244572
 265 |  0.12372084810212962| 0.06347234260876637
 266 |  0.12370600616699197| 0.05876372140794043
 267 |  0.12419925716988307| 0.05840598489568176
 268 |  0.12512609322236082| 0.05920107759447712
 269 |  0.12343477943451395| 0.06365352520079368
 270 |  0.12396938290039104| 0.05840118201528863
 271 |  0.12121940244051255| 0.05945079647056834
 272 |  0.12350026737874754| 0.0594681109230281
 273 |  0.12205087930949013| 0.058944651436344926
 274 |  0.124446162996352| 0.061100477345238394
 275 |  0.12398091673201142| 0.05977689014602031
 276 |  0.12282654977912949| 0.05849483750983635
 277 |  0.12209216951556821| 0.05732399557372255
 278 |  0.12189477462436489| 0.05892089064405122
 279 |  0.12256148155597733| 0.06032473858510919
 280 |  0.1231408069897578| 0.058465395067455225
 281 |  0.12237369341972668| 0.06012210494342758
 282 |  0.12167135170698784| 0.0621333936394603
 283 |  0.12222746762445184| 0.05889312967193628
 284 |  0.12365761205111735| 0.058461215611014555
 285 |  0.12360154534056655| 0.06207713362068134
 286 |  0.12327070502676525| 0.05876424239278744
 287 |  0.12362401915076311| 0.05795949574496811
 288 |  0.12267134705191263| 0.060231605207148285
 289 |  0.1214230127206707| 0.05818193790164462
 290 |  0.1231260204368599| 0.06218655996625593
 291 |  0.12290467122578472| 0.057754641594631666
 292 |  0.12438701840590749| 0.05802016109831743
 293 |  0.12326884531097466| 0.05729595402558783
 294 |  0.12363138725333968| 0.0568323983817426
 295 |  0.1239656171856302| 0.06192924180894548
 296 |  0.1235723770621647| 0.058315644661956906
 297 |  0.12357705427924852| 0.05998823591401365
 298 |  0.12280640418749798| 0.056721191025703534
 299 |  0.12262294541199367| 0.05860778046869971
 300 |  0.12421056368704432| 0.06025421352441198
 301 |  0.12443657471342807| 0.06289363384450891
 302 |  0.12366124217294382| 0.05737671834643438
 303 |  0.12244946386385835| 0.05855739849151418
 304 |  0.1240757198010817| 0.06350557617540013
 305 |  0.12151149957173026| 0.057467343588692175
 306 |  0.12342385569958045| 0.056906941356432775
 307 |  0.123569395331998| 0.05981274899038291
 308 |  0.12344611430669729| 0.06326450819709431
 309 |  0.12482287991917188| 0.059298748112335264
 310 |  0.12215191462524465| 0.05678664587488002
 311 |  0.12255924443661387| 0.05845219449808557
 312 |  0.12338562561951935| 0.057932315930327626
 313 |  0.12272699157970449| 0.05686798619185151
 314 |  0.12348872919849326| 0.05984449152905322
 315 |  0.12251960580934428| 0.06198997912264656
 316 |  0.12220858704875642| 0.05822293122042536
 317 |  0.12111032518557079| 0.060233156654691915
 318 |  0.12180002320255309| 0.05850791941085223
 319 |  0.12304841477567822| 0.05882894340611105
 320 |  0.12301031200976284| 0.056125920730373605
 321 |  0.12189333988516927| 0.056693533885901676
 322 |  0.12314322417027013| 0.05768552182909641
 323 |  0.12179208848737672| 0.05867637797811817
 324 |  0.12219367842950873| 0.05813451625375009
 325 |  0.1212231151934666| 0.05884449434296468
 326 |  0.12146739844073064| 0.05708147826435165
 327 |  0.12257305821559591| 0.056361594085230456
 328 |  0.12306267541363869| 0.05738280092639382
 329 |  0.11981425886011075| 0.05656069715503523
 330 |  0.12079420413379821| 0.056678724213937735
 331 |  0.12414336833123428| 0.0575951765531009
 332 |  0.12155160032297797| 0.05767528234004415
 333 |  0.12192912375837484| 0.05802913085938083
 334 |  0.12368114735193259| 0.062161502362279915
 335 |  0.12150701558743741| 0.05587300586084125
 336 |  0.12159592465710516| 0.058132492316658055
 337 |  0.12238119751487407| 0.060759788818963316
 338 |  0.1218057404220948| 0.05774950309413332
 339 |  0.12070540359618671| 0.05725147160817667
 340 |  0.1221917497310609| 0.058349729164934444
 341 |  0.12284137833747666| 0.05969769813054943
 342 |  0.12089907697245542| 0.05699498512589901
 343 |  0.12387538921470011| 0.06163945965248955
 344 |  0.12266303874325385| 0.059440498547252966
 345 |  0.12003324322115727| 0.05601191067302758
 346 |  0.12078753425512592| 0.05733512681094232
 347 |  0.12063725467187256| 0.06051992878083674
 348 |  0.12271257593696305| 0.05642002299693738
 349 |  0.12269364223623853| 0.05466527813575921
 350 |  0.1215279533150837| 0.05525572238895484
 351 |  0.12156425061326298| 0.058544309677777975
 352 |  0.12205497021501033| 0.055634295522061325
 353 |  0.12269940661034881| 0.055933060398337134
 354 |  0.12237896031372202| 0.05656744649352736
 355 |  0.12132939788495133| 0.057152801917853255
 356 |  0.1225267740160047| 0.0563683001494706
 357 |  0.12222061356487118| 0.05686273116072699
 358 |  0.1217691102075861| 0.05540393293571021
 359 |  0.1216613150945128| 0.057458869685188735
 360 |  0.12245957717073885| 0.05701778628612398
 361 |  0.12307670412941481| 0.057048515450542535
 362 |  0.12215258943148347| 0.055141119365521775
 363 |  0.12030858701677853| 0.05661838346911384
 364 |  0.12336330777133264| 0.05726818222701804
 365 |  0.12229777288232907| 0.05607882037936164
 366 |  0.12043781185893922| 0.05852367033770481
 367 |  0.12111094205231782| 0.055054694106641565
 368 |  0.12165989852412941| 0.0576522379099664
 369 |  0.11870127266347426| 0.05520502366667084
 370 |  0.1216514898735118| 0.054616524083309775
 371 |  0.12161463034891253| 0.058834476727556026
 372 |  0.12350680770450358| 0.05510488009353013
 373 |  0.12245329447272947| 0.05970580197821987
 374 |  0.12095475963884604| 0.0553168882663546
 375 |  0.12213095535130436| 0.05582293918598331
 376 |  0.1205450232425709| 0.057803718418515275
 377 |  0.12167736462685401| 0.055517432970411104
 378 |  0.12199193177283157| 0.058604011603511336
 379 |  0.12201710312565484| 0.05709544211409523
 380 |  0.12037216061170111| 0.05603801836103666
 381 |  0.12247796003215965| 0.05666391544118013
 382 |  0.12473916268373132| 0.055898430247622116
 383 |  0.12316952243347842| 0.05498605540266463
 384 |  0.12218938630977985| 0.05516474253629616
 385 |  0.12072377174444424| 0.06549822510132344
 386 |  0.1214222468412796| 0.056433839307103266
 387 |  0.121019918308088| 0.06379576276092785
 388 |  0.12163174157094167| 0.055518743524809455
 389 |  0.12068932881381113| 0.05445442796277357
 390 |  0.12417028762163944| 0.0542738839331448
 391 |  0.12314945291043285| 0.05449938436038598
 392 |  0.12075513843165514| 0.05410484913625643
 393 |  0.12023068961185351| 0.05499458569116264
 394 |  0.12248512214458221| 0.05631373241518549
 395 |  0.12113266884741455| 0.06279410879093976
 396 |  0.12269715736840638| 0.05531858203464495
 397 |  0.1220907488268612| 0.057771916766135786
 398 |  0.12121209955336593| 0.0589261862277951
 399 |  0.12197790635761242| 0.05621491950407446
 400 |  0.12146634328531197| 0.054395730982029586
 401 |  0.12279922470926592| 0.05617522977755905
 402 |  0.12027564966461678| 0.055296580234595584
 403 |  0.11950677440700205| 0.05492500732394591
 404 |  0.12222640241002704| 0.054602109499078816
 405 |  0.12084962328183796| 0.05512048268113883
 406 |  0.12102924736664733| 0.05676981415297132
 407 |  0.12078051628828815| 0.05671770984927596
 408 |  0.12179285441482555| 0.05646993291482288
 409 |  0.12238955831509113| 0.05286382213252159
 410 |  0.12181637993228038| 0.05439359953262507
 411 |  0.12178318621466634| 0.05977058487514275
 412 |  0.12290639551873404| 0.05391277268697541
 413 |  0.12167549888783345| 0.05441149743896865
 414 |  0.12176946219456301| 0.056391869673807236
 415 |  0.1226409300939966| 0.05550778790125338
 416 |  0.1206068110685119| 0.05761694109456736
 417 |  0.12057368413977076| 0.05441539423339497
 418 |  0.11891644831749543| 0.05651962056339136
 419 |  0.12065356153437341| 0.05372658498198441
 420 |  0.12177703143525642| 0.0543268366811765
 421 |  0.1199411949906456| 0.05816619773902457
 422 |  0.1199111999724823| 0.053793904066126975
 423 |  0.12166184213139958| 0.05659889705269847
 424 |  0.11951875639317376| 0.05506859218778721
 425 |  0.1198884981413647| 0.05880420412212593
 426 |  0.12015275133906389| 0.05323485215502549
 427 |  0.12027398165083404| 0.05389746095156456
 428 |  0.12220697919609698| 0.055023991355217225
 429 |  0.12246420462800164| 0.0561757597527705
 430 |  0.1213777788276619| 0.058873683573179354
 431 |  0.12130742675903096| 0.05342998951115855
 432 |  0.12081517894649654| 0.053899662901685616
 433 |  0.12153525087268761| 0.057305294574509176
 434 |  0.12196718286587116| 0.05543958415659581
 435 |  0.12095201721708494| 0.05805436342360056
 436 |  0.12126255414509728| 0.054618504936046905
 437 |  0.12032918912151948| 0.05520286043051139
 438 |  0.12136491196618227| 0.05727276919915411
 439 |  0.12144718119656246| 0.05373264024501824
 440 |  0.12180702880849816| 0.053962165401904676
 441 |  0.11958602339411599| 0.06046771919645601
 442 |  0.12017356609975555| 0.05577143831017929
 443 |  0.12038557630031524| 0.05537894296673051
 444 |  0.12167249103636275| 0.05581848861475945
 445 |  0.12154721113028435| 0.05590435084974646
 446 |  0.12142053826591732| 0.06049005679505222
 447 |  0.12162852295551117| 0.05542170585203965
 448 |  0.12047394243265974| 0.05977191555314216
 449 |  0.12074558524698135| 0.05452635755941754
 450 |  0.11995777067150235| 0.05370220776570123
 451 |  0.1214075080034592| 0.055861788810860104
 452 |  0.12132887966482427| 0.054779916760404467
 453 |  0.12222882680002582| 0.055038132810716935
 454 |  0.1217260085286062| 0.0569409157619578
 455 |  0.11979177666258953| 0.05470563970849442
 456 |  0.12089955335022867| 0.05657141586439468
 457 |  0.11949742907206094| 0.05679989483805623
 458 |  0.12042257305616978| 0.06555619032793614
 459 |  0.11938543953084275| 0.05487336141283035
 460 |  0.1204224376749122| 0.05426596864321289
 461 |  0.11965998473012285| 0.052772824348043715
 462 |  0.12060016508206076| 0.05410077656467459
 463 |  0.120716664436441| 0.05831435666548006
 464 |  0.12294470996334017| 0.05453870249066387
 465 |  0.11953773682853076| 0.05880897967127259
 466 |  0.11952119329802872| 0.053195127690063335
 467 |  0.12114431251234918| 0.054046905220188166
 468 |  0.12076847178893126| 0.05816718311625572
 469 |  0.11950250015558868| 0.05400468257232237
 470 |  0.12137414618542493| 0.05572883454483291
 471 |  0.12171334704438559| 0.05367299122210655
 472 |  0.12004006850290908| 0.05469413468355014
 473 |  0.12078841341693491| 0.055249958622689645
 474 |  0.12003950875959096| 0.053713615080295915
 475 |  0.11862637712085883| 0.0529243392530222
 476 |  0.12112045814044659| 0.05371282763645145
 477 |  0.12068581257799572| 0.054158225819760826
 478 |  0.1196591990922641| 0.05653368392918184
 479 |  0.11966575075220605| 0.054063078112632085
 480 |  0.1218095878317282| 0.061484961899194855
 481 |  0.11977189219389357| 0.05603706246875591
 482 |  0.12036205445298012| 0.05354774178090477
 483 |  0.12019002801922955| 0.05440383569294612
 484 |  0.12006939436182325| 0.052533448762667904
 485 |  0.12113995332474227| 0.057976123946904705
 486 |  0.1194836756347809| 0.052552536386562265
 487 |  0.1217519355069211| 0.05448759616460092
 488 |  0.11941679546111031| 0.052644467510630816
 489 |  0.11947235055036584| 0.052558913907350124
 490 |  0.12078749589344709| 0.05291628074445186
 491 |  0.11957559550898017| 0.0520528508365568
 492 |  0.11910325167904652| 0.05633698042896507
 493 |  0.12156745495202802| 0.05839365265213975
 494 |  0.1205956728439471| 0.0606470434918764
 495 |  0.11960605955380814| 0.05280687451362182
 496 |  0.1214662360036819| 0.05414067401336084
 497 |  0.12074133802733399| 0.053583894933923064
 498 |  0.1200945759730987| 0.05790995869871964
 499 |  0.12002066185807067| 0.052053371423887065
 500 |  0.12041276148041923| 0.057253572835698194
 501 |  0.11865243177552583| 0.053748229365099424
 502 |  0.12128512100347019| 0.05249012115745169
 503 |  0.11886076627519372| 0.05381804794373068
 504 |  0.12055962738625696| 0.05988951337601116
 505 |  0.12037957674658174| 0.0541043942516599
 506 |  0.12225825408072934| 0.05316073550986787
 507 |  0.12082045830653663| 0.05706693626999468
 508 |  0.12000464314306715| 0.053029822674103874
 509 |  0.12042298521988903| 0.057355831029706414
 510 |  0.1201676434142937| 0.05344780889470597
 511 |  0.1201220110878678| 0.051823050307840506
 512 |  0.11998615561617192| 0.053690547779579906
 513 |  0.11979275169173573| 0.05352606911776693
 514 |  0.12148952998723879| 0.06115819939856545
 515 |  0.11895766412300057| 0.054718771899806395
 516 |  0.1197234116210011| 0.05731568755621906
 517 |  0.1189997516280001| 0.05257959394725039
 518 |  0.12017625657747429| 0.05420502416411782
 519 |  0.1192361010581151| 0.0540877881709192
 520 |  0.11894044417899478| 0.059732971835010966
 521 |  0.11900209377834405| 0.05729973566314394
 522 |  0.1211027099936732| 0.05215311640393181
 523 |  0.11853367281911915| 0.053137225699132484
 524 |  0.1199824712865615| 0.05291183306015322
 525 |  0.11884047985084883| 0.05551592057217025
 526 |  0.11855951828547527| 0.056439732178706244
 527 |  0.11978508224204343| 0.053793177956178245
 528 |  0.11955434882461725| 0.05591544871881396
 529 |  0.11976068168580008| 0.05225697703577684
 530 |  0.11900153384066448| 0.05267829938760598
 531 |  0.12014071845931981| 0.05446704462645751
 532 |  0.11989419465105187| 0.052393351854318974
 533 |  0.11892813604428762| 0.05221207375772503
 534 |  0.12037933281047734| 0.05732288483893983
 535 |  0.1188897255250708| 0.05300238426113467
 536 |  0.1210107130346275| 0.060538572830092764
 537 |  0.11854312252146099| 0.05312955446647601
 538 |  0.12063586552122088| 0.05471677587803936
 539 |  0.11976695207185759| 0.051136001552314646
 540 |  0.12093026250246429| 0.05231912584954158
 541 |  0.11992085112816975| 0.05536827584465457
 542 |  0.11993027164592004| 0.05227613410769621
 543 |  0.11834518045715242| 0.051577776022515384
 544 |  0.11949890732014991| 0.05231160918891133
 545 |  0.1191559448930942| 0.052970365156789614
 546 |  0.12143576902675432| 0.05176142361603679
 547 |  0.1188858124972084| 0.05326724253746157
 548 |  0.11978916462161927| 0.05205821950719162
 549 |  0.12207031304932814| 0.05866726264711179
 550 |  0.1199306741745479| 0.05146302870387401
 551 |  0.12198987715758294| 0.05207506843296967
 552 |  0.12039869934762296| 0.0528033662291719
 553 |  0.12053329944497206| 0.053039697002204615
 554 |  0.11854270298591103| 0.05717386468745485
 555 |  0.1194027397137354| 0.05145920989254307
 556 |  0.11912505717736495| 0.05170054975125591
 557 |  0.11731675972407808| 0.05079578293397658
 558 |  0.11947384888145265| 0.05418035751729278
 559 |  0.11889774075910196| 0.055320371852755415
 560 |  0.11905100136951095| 0.05242530301612204
 561 |  0.12004648927088557| 0.05419658851625759
 562 |  0.11959587397066285| 0.0554959302201282
 563 |  0.12141959487028793| 0.05510264083025584
 564 |  0.1196948874444301| 0.06748222635691008
 565 |  0.12017197067570641| 0.05370620444240027
 566 |  0.11981790751257376| 0.05835835517936953
 567 |  0.12031445079150556| 0.05296686307600647
 568 |  0.11741488450530181| 0.05213928435797768
 569 |  0.11816882564671957| 0.05194998391664486
 570 |  0.12000669121308534| 0.053205472924793114
 571 |  0.11967066994452887| 0.05254244687203498
 572 |  0.12054906698580847| 0.053579677022982525
 573 |  0.12130727223923343| 0.05223487617141155
 574 |  0.11944821286316308| 0.05851641245353969
 575 |  0.11927958088836386| 0.05411068131891247
 576 |  0.11868277495841119| 0.0520503589192686
 577 |  0.11885386578981796| 0.05143417537710014
 578 |  0.1193419602902252| 0.05145189077061866
 579 |  0.11790664476600024| 0.05306568838576355
 580 |  0.11841223597783034| 0.05166463374072742
 581 |  0.11990403370455796| 0.051789861215375495
 582 |  0.11913561199601574| 0.0539521445172096
 583 |  0.11924755224846022| 0.05690935261541867
 584 |  0.11876711115181664| 0.052964632174369364
 585 |  0.11840129245782782| 0.05273023029721843
 586 |  0.116944185915318| 0.050488960126437436
 587 |  0.1194222331775553| 0.05172588198447809
 588 |  0.11955131895277958| 0.052808766434057845
 589 |  0.11963751211910333| 0.051559028974891806
 590 |  0.12016335201001369| 0.0515731196063457
 591 |  0.11870268879968067| 0.05574492473043116
 592 |  0.11894836444050566| 0.05461580437088325
 593 |  0.12021457657473628| 0.05177667244476541
 594 |  0.11855348798825267| 0.055111615460822404
 595 |  0.11985293921540574| 0.05093129459882595
 596 |  0.12024949897669866| 0.05115395857338633
 597 |  0.11880085367037348| 0.05292384106704671
 598 |  0.11969752073123456| 0.04996456512950208
 599 |  0.12003560059812605| 0.050717327567857184
 600 |  0.11896163489951835| 0.054697890750447564
 601 |  0.11922917946816126| 0.05290234505241778
 602 |  0.11866961420453084| 0.05290268336203032
 603 |  0.11838541627300635| 0.05119604825954655
 604 |  0.1177097821389108| 0.050913859157807224
 605 |  0.11813206950980498| 0.056188824932294996
 606 |  0.11988254794695834| 0.051618563099101775
 607 |  0.11734639273210594| 0.05391103782836797
 608 |  0.11861253803451989| 0.05335156104240889
 609 |  0.11765519319273955| 0.05236315053309756
 610 |  0.11846696217706093| 0.060250830890756814
 611 |  0.12058448690556041| 0.05692424052108305
 612 |  0.12006244624712693| 0.05419460911513224
 613 |  0.11895049873504586| 0.05024136917037314
 614 |  0.11884377619817192| 0.05172393295750276
 615 |  0.11983532760734539| 0.05304232196794788
 616 |  0.11979940986935379| 0.05232160905403887
 617 |  0.11779838020090802| 0.05375815229903993
 618 |  0.12025641786247072| 0.05094960039294219
 619 |  0.1191223161432642| 0.052525505030931965
 620 |  0.11913252954903111| 0.051277504603769966
 621 |  0.11805409791792927| 0.051765071937101545
 622 |  0.11970605100237953| 0.05690866976450632
 623 |  0.11923136313325756| 0.05577264724457718
 624 |  0.11875769843553378| 0.052267149413950324
 625 |  0.11878434135270169| 0.05322036998127904
 626 |  0.11955430702966147| 0.050479485051532685
 627 |  0.11853716015612135| 0.05031355308449857
 628 |  0.12049657263927716| 0.05312455476712299
 629 |  0.1181131870361214| 0.05036073213842584
 630 |  0.11914918973562169| 0.05532543489728608
 631 |  0.11760062574618647| 0.05158593999656023
 632 |  0.12030428611272662| 0.05661883054110906
 633 |  0.11864247833306112| 0.051133445072933305
 634 |  0.11898165946873332| 0.05380330123299272
 635 |  0.11877275770093108| 0.05050941074818539
 636 |  0.11792343406949854| 0.05269780726102357
 637 |  0.11928576870430778| 0.05186866212765012
 638 |  0.12038529280008439| 0.05268590115532707
 639 |  0.11937589883462986| 0.05124598569032021
 640 |  0.11861006736606956| 0.05533695831702519
 641 |  0.11929652855786162| 0.05734666046456347
 642 |  0.11817979248927| 0.05377274174031542
 643 |  0.11891245887525231| 0.05714074238640558
 644 |  0.12046788197601489| 0.05184731313902864
 645 |  0.11816055217416753| 0.0521212073581632
 646 |  0.11975444451858608| 0.05491171483640788
 647 |  0.11902385807155985| 0.05143572342298459
 648 |  0.11852670691098205| 0.05452444047840016
 649 |  0.11889776159669775| 0.05289587519446527
 650 |  0.11964483396829682| 0.051649587504119424
 651 |  0.11848963867158974| 0.051550315974070365
 652 |  0.1176343540155086| 0.056088025929352255
 653 |  0.11942247706827676| 0.052418231051133996
 654 |  0.11815199659030376| 0.056351781070777054
 655 |  0.11941334947557623| 0.05057324049045199
 656 |  0.11767176945227603| 0.05049678126131021
 657 |  0.11943380333324179| 0.05280963006331718
 658 |  0.11779773512264174| 0.052842557731469654
 659 |  0.11911308421267215| 0.05032864404939392
 660 |  0.11784663395234296| 0.05195942249536397
 661 |  0.11782271364500375| 0.049978802131049035
 662 |  0.11954545723190678| 0.0514043161172271
 663 |  0.11901644079892063| 0.05416788378108081
 664 |  0.11990757419417061| 0.05350820667203526
 665 |  0.1186723841449969| 0.05132983567407325
 666 |  0.11753313481063317| 0.057354901621814294
 667 |  0.1191475033922262| 0.05028126833577744
 668 |  0.11961270552423742| 0.05125165310582066
 669 |  0.11878503633059506| 0.049885440515967945
 670 |  0.11888620588916983| 0.05406241239807915
 671 |  0.11905315975828613| 0.05167895206904154
 672 |  0.11903307635469683| 0.050056345351732354
 673 |  0.11761521683107982| 0.05120330741718914
 674 |  0.11690448958728364| 0.05513993910950898
 675 |  0.11937087523410397| 0.0496840706610673
 676 |  0.11953946679779624| 0.05104236328818071
 677 |  0.11866935290843827| 0.05709697207259391
 678 |  0.11984585997092768| 0.05353915311273198
 679 |  0.11868361128325378| 0.04966242171796274
 680 |  0.11689732817607563| 0.049900931931801
 681 |  0.11955909964211323| 0.05185338477397084
 682 |  0.11730823633953094| 0.05253166810063134
 683 |  0.12011361712709515| 0.052870923466834134
 684 |  0.1199869508764538| 0.053506392363446564
 685 |  0.11940243407170832| 0.053212766464306414
 686 |  0.11810899460663203| 0.05654550445990547
 687 |  0.11944540880855464| 0.05197583778737697
 688 |  0.11903325431502798| 0.051403678130939566
 689 |  0.11730992523133091| 0.050464698083631854
 690 |  0.11810747351567374| 0.052235450063572816
 691 |  0.11756377865979939| 0.05124174066086513
 692 |  0.11881802728061816| 0.0520100917625754
 693 |  0.11693945966588912| 0.049463362633611806
 694 |  0.11930028389026674| 0.050136018277070676
 695 |  0.11874494567248994| 0.051538638548865014
 696 |  0.11920317275850387| 0.052239658341495215
 697 |  0.11989037308150004| 0.05095644661981018
 698 |  0.1195793127974013| 0.05007677661844275
 699 |  0.11777198225873219| 0.050088419410455866
 700 |  0.11884369830198688| 0.05052540481290339
 701 |  0.11780315946733848| 0.05424104822877169
 702 |  0.11919214075590759| 0.05234433345427806
 703 |  0.11783518843211403| 0.052295301485223565
 704 |  0.11943030141704204| 0.052681395975619626
 705 |  0.12030336935518927| 0.05445013067397906
 706 |  0.11780234103322035| 0.04986062948284606
 707 |  0.11742107652041166| 0.050544578938819834
 708 |  0.1169474286965116| 0.05289626250437568
 709 |  0.11824331306271986| 0.05025259640418205
 710 |  0.11772700311356511| 0.05052511928253947
 711 |  0.11852467145581919| 0.05110187771573136
 712 |  0.12009331263755219| 0.05695051788856752
 713 |  0.11808058884499174| 0.05278349959214556
 714 |  0.1187404528299418| 0.05135113490395541
 715 |  0.11834098951913835| 0.050397785507914454
 716 |  0.11919529396707831| 0.05343289072075403
 717 |  0.1187238000041953| 0.05229241300718193
 718 |  0.11787965387684406| 0.050540396876295114
 719 |  0.11736412861332376| 0.04994053103003967
 720 |  0.11692608254648848| 0.04979858819174062
 721 |  0.11858379774436333| 0.051880942243503
 722 |  0.1191229116680354| 0.0508464722854998
 723 |  0.11937231242717554| 0.058247135730573996
 724 |  0.11742069523568818| 0.049963692457004376
 725 |  0.11845772251578722| 0.04917874979432694
 726 |  0.11764026111633565| 0.05351074566528454
 727 |  0.1186725039822822| 0.05129910124752925
 728 |  0.11677803137727084| 0.05220891881674955
 729 |  0.11773848800614303| 0.052154184394346374
 730 |  0.12033425534869971| 0.0509293748355121
 731 |  0.11765509322783699| 0.05013977129580827
 732 |  0.11701572551991891| 0.05051026910152027
 733 |  0.11873738856818997| 0.04970000705598663
 734 |  0.12045641196207782| 0.05354701845784857
 735 |  0.11779335289458541| 0.0512942791287548
 736 |  0.11845922452698655| 0.052588517622610395
 737 |  0.1190705478422252| 0.05508492827573144
 738 |  0.11860409927317972| 0.04995664105488976
 739 |  0.1195284847316201| 0.05867127885308484
 740 |  0.11807638747756734| 0.05502445942259436
 741 |  0.11955918655038959| 0.05112026866624711
 742 |  0.11723282212877993| 0.052810081166566804
 743 |  0.11966240078066913| 0.05271289681159691
 744 |  0.11865218021745007| 0.05034644877314388
 745 |  0.11808398724163967| 0.050310770272026586
 746 |  0.11751586231238388| 0.04956082177643477
 747 |  0.11810050932826147| 0.04961193486474152
 748 |  0.11988344710725628| 0.05058613922443598
 749 |  0.11863153910963545| 0.04911322815126624
 750 |  0.11881616880418813| 0.04960981298715833
 751 |  0.11824862165892018| 0.049895528222295454
 752 |  0.1186677821776045| 0.05870478042722559
 753 |  0.11687376192604317| 0.056461493437254665
 754 |  0.11931951519832948| 0.050742511405384175
 755 |  0.11806752756228721| 0.053757200728255156
 756 |  0.11751428564276918| 0.049448300975060325
 757 |  0.11820783643036205| 0.05097030456900085
 758 |  0.11936027483315956| 0.05086578108955549
 759 |  0.11860214424801976| 0.05062440327210532
 760 |  0.11828628229655441| 0.05093371462990842
 761 |  0.11748387450319535| 0.048798979065242304
 762 |  0.11754214496407832| 0.05156898247869306
 763 |  0.11912395968513029| 0.05291710213655698
 764 |  0.1158754354718177| 0.05707448247100075
 765 |  0.11881854372345457| 0.04949860086623603
 766 |  0.11826286391748339| 0.050711312260078426
 767 |  0.11829696930070266| 0.05177739851807826
 768 |  0.12018771179286827| 0.04906275707158831
 769 |  0.12000280650633775| 0.05281085034824942
 770 |  0.11606870497131642| 0.05161439992211685
 771 |  0.11650980186713429| 0.04968951203037106
 772 |  0.11723945617662218| 0.049585513860962195
 773 |  0.11599221966120486| 0.05031555337106591
 774 |  0.11873590322245817| 0.05550775793667407
 775 |  0.11998330437011116| 0.05302304229834992
 776 |  0.11857897447252308| 0.059293959142292116
 777 |  0.11907044588174727| 0.0532599964102703
 778 |  0.11798603226013392| 0.04953750713909143
 779 |  0.1170536338602983| 0.04964617995811142
 780 |  0.11865078138150413| 0.05037257085221149
 781 |  0.11774470824241393| 0.05659130614725105
 782 |  0.1187312835272753| 0.04978597970202037
 783 |  0.11588416386880802| 0.0494296391905516
 784 |  0.11844039639109374| 0.05202679359049539
 785 |  0.11719291507766898| 0.049359049654180844
 786 |  0.11975683953768285| 0.049699249197158145
 787 |  0.11667876987170336| 0.049769488693173845
 788 |  0.11719207648936701| 0.04950464229338847
 789 |  0.11819332255107455| 0.05560246855210847
 790 |  0.11793670230152319| 0.05126471301765721
 791 |  0.11735934727844204| 0.05080777135335845
 792 |  0.11834479321384603| 0.05312841947122662
 793 |  0.1185916511268186| 0.0502178996080026
 794 |  0.11829567025774484| 0.053049421849811144
 795 |  0.11959180178481207| 0.05374246497081479
 796 |  0.11828782867629833| 0.05082053613095699
 797 |  0.11920212930946805| 0.048628264043301665
 798 |  0.11754847254279945| 0.05094083792157188
 799 |  0.1182467235953734| 0.048800300987922283
 800 |  0.12057882432105654| 0.05001969222603325
 801 |  0.11767450671187628| 0.051097550806642446
 802 |  0.11916685939751526| 0.05143229537062644
 803 |  0.11622890459368244| 0.05048618595357023
 804 |  0.11697273687340845| 0.04838582270089627
 805 |  0.1178197484287092| 0.04850984909614343
 806 |  0.11735114359756328| 0.05435826656447408
 807 |  0.11958420789583976| 0.05817173537426883
 808 |  0.11711218972118713| 0.05345061370685808
 809 |  0.11795303953921117| 0.051617525776922114
 810 |  0.11753873584303304| 0.04996836816807022
 811 |  0.1170012122448593| 0.048851267997913575
 812 |  0.11763150071885319| 0.04968854935762164
 813 |  0.11999106867460724| 0.05044018012687771
 814 |  0.1177289485426221| 0.051462495501234544
 815 |  0.11837673598269996| 0.05103595415099171
 816 |  0.11766221519261812| 0.0506030617604516
 817 |  0.11709784537411415| 0.05219619401422445
 818 |  0.11914479919565579| 0.054403722029315406
 819 |  0.11763158427180335| 0.049991919718618376
 820 |  0.1179296932003132| 0.051310087447182656
 821 |  0.11726780333558667| 0.050382930007873784
 822 |  0.11877783009910678| 0.05084333568350895
 823 |  0.11660737326492744| 0.05157669261118079
 824 |  0.11762936234214377| 0.05793520149795047
 825 |  0.11599690304354526| 0.05226136589510391
 826 |  0.11724584315767478| 0.0486095631610389
 827 |  0.11722181484456312| 0.05229040119257021
 828 |  0.11802492365873331| 0.04977932223535605
 829 |  0.11526375492605645| 0.053343471338196995
 830 |  0.1180739055017769| 0.048795267476369864
 831 |  0.11724332227670903| 0.04898610562650204
 832 |  0.11774939659656548| 0.049793346375476055
 833 |  0.11721436483197217| 0.05471239960255123
 834 |  0.11863314415177957| 0.05094870103422673
 835 |  0.11782097794332112| 0.05321956765361442
 836 |  0.1181161856126218| 0.04918860912794617
 837 |  0.11799359024126678| 0.050938680659455206
 838 |  0.11798913571574979| 0.05729011349005582
 839 |  0.1173553044729513| 0.04952988282574624
 840 |  0.11846296268278898| 0.04953600084486358
 841 |  0.11751298194648055| 0.05171940675243515
 842 |  0.11924896209255105| 0.054379634428781416
 843 |  0.11947388511094875| 0.05299848919458684
 844 |  0.11836673084297317| 0.0498867849126719
 845 |  0.11687564677000711| 0.0511179183218818
 846 |  0.11931440221405105| 0.04929617838367886
 847 |  0.11763710845830812| 0.048808259908113445
 848 |  0.11724397930123806| 0.049275707378197024
 849 |  0.1187498871995916| 0.04844599846252858
 850 |  0.11882660869315656| 0.05867500332181644
 851 |  0.11877233782196663| 0.051455752982630026
 852 |  0.11964928542022625| 0.04876867028319048
 853 |  0.1172682546132492| 0.048556883280017414
 854 |  0.11787962851105728| 0.05586287521029481
 855 |  0.11626560880841151| 0.04943670097042203
 856 |  0.11742188474662743| 0.050101735656267334
 857 |  0.11854699706513507| 0.04947614776735694
 858 |  0.1181600533922568| 0.0502422819166421
 859 |  0.11759361658217926| 0.050729007930798466
 860 |  0.11784782473470572| 0.050075384253049145
 861 |  0.11609479414505565| 0.04922531581706554
 862 |  0.11733467910236643| 0.051625311353515786
 863 |  0.11915988902953464| 0.04915646376876922
 864 |  0.116219970587671| 0.04864642553584098
 865 |  0.1158695027987971| 0.048732957809528236
 866 |  0.12022527060145087| 0.05141673363597073
 867 |  0.11782056157835401| 0.05043315197718031
 868 |  0.11750188364701043| 0.0519776628210933
 869 |  0.11662990601083603| 0.052241510165525674
 870 |  0.1172253889722864| 0.04933996168721892
 871 |  0.11852068420445144| 0.05383481602671516
 872 |  0.11725959347077504| 0.0497933304859155
 873 |  0.11824602948443873| 0.04886092127030757
 874 |  0.11725378209182565| 0.050810694143806075
 875 |  0.11739026603428264| 0.04873794289439734
 876 |  0.11840117754836499| 0.048806045212147174
 877 |  0.11797604520775663| 0.049137974617067225
 878 |  0.1181804412311122| 0.048339408990690204
 879 |  0.11808867029091319| 0.04934951236704507
 880 |  0.11720942112819588| 0.049655250007756016
 881 |  0.11842895440923432| 0.04940072605123252
 882 |  0.11669983729915122| 0.049070341836824835
 883 |  0.11566678564510313| 0.048940573109167954
 884 |  0.11705474267670064| 0.05561321280778635
 885 |  0.11652006422275453| 0.05390655116215636
 886 |  0.11576747561088335| 0.048879783171671944
 887 |  0.11785985169603984| 0.04927025501521014
 888 |  0.11844634514366541| 0.05213686222322209
 889 |  0.11744430111434113| 0.048031940560135794
 890 |  0.11728577370488338| 0.05235527164344191
 891 |  0.11816265670687226| 0.05044138495966309
 892 |  0.1158576431783156| 0.04949970879542774
 893 |  0.11830173029573365| 0.0498930385248548
 894 |  0.11515530209270029| 0.05345832199169783
 895 |  0.11679444505483248| 0.04854851643852821
 896 |  0.11857529063544263| 0.05324755571092425
 897 |  0.11770766002633062| 0.04791342278139116
 898 |  0.11745420797020378| 0.04807821285763421
 899 |  0.1169473191578386| 0.0487842431716591
 900 |  0.1184354125227022| 0.05002821578398835
 901 |  0.11906361255559274| 0.049058111439997734
 902 |  0.1165666811367187| 0.04955462515233425
 903 |  0.11947414565934666| 0.0482054576942432
 904 |  0.11813028426391607| 0.05278609107448674
 905 |  0.11737400328618568| 0.054793561909983045
 906 |  0.11753355707291104| 0.048217119785464384
 907 |  0.11654496098284291| 0.047991539483178906
 908 |  0.11896458928801977| 0.049202744916837085
 909 |  0.11882599034001597| 0.05343681556476326
 910 |  0.11635076744386896| 0.05371638187886604
 911 |  0.11808445121957753| 0.05122969543903729
 912 |  0.1175113400425532| 0.05027185822261177
 913 |  0.11598934809357718| 0.048620499521011974
 914 |  0.11637681596134157| 0.04842864264853501
 915 |  0.11492046647773697| 0.050367317209333906
 916 |  0.1161186839124647| 0.05611134518662037
 917 |  0.11776123913446199| 0.052039726303734754
 918 |  0.118120090627177| 0.049959695310224
 919 |  0.1171481786285246| 0.04946801129225625
 920 |  0.11684083995681624| 0.05053722994099629
 921 |  0.1175074665140619| 0.04863531425700581
 922 |  0.11664344444979434| 0.04843546530020125
 923 |  0.11641928079612952| 0.049204359456769244
 924 |  0.11700378450452134| 0.048779758396369076
 925 |  0.11522189077496231| 0.04823751597914876
 926 |  0.11674792286183017| 0.04858625291377517
 927 |  0.11740259212753186| 0.05078083526498212
 928 |  0.11636330321201656| 0.05207439068293118
 929 |  0.11789838814207003| 0.050099545854288656
 930 |  0.11552035078751967| 0.050094119219794286
 931 |  0.11603987187958817| 0.050366600224767244
 932 |  0.11672033741427121| 0.0501460848668268
 933 |  0.11838765392961925| 0.05058216527897263
 934 |  0.11822203430966058| 0.050790224512331485
 935 |  0.11594734595997502| 0.05121695202213079
 936 |  0.11752381236940089| 0.0573368546767733
 937 |  0.11761417791815879| 0.04952074499201456
 938 |  0.11604572900288193| 0.04779552469867541
 939 |  0.1178504870520972| 0.04942216861400198
 940 |  0.1181922892351674| 0.053373332708101365
 941 |  0.11611763983007424| 0.05171064701087909
 942 |  0.11812736266748605| 0.05205598166819092
 943 |  0.11855010569632982| 0.05297402245036712
 944 |  0.11790115354665619| 0.04968971497851327
 945 |  0.11809176986084607| 0.05021809185917615
 946 |  0.11823402010676094| 0.049259202388038846
 947 |  0.11858403637785146| 0.04839871781829106
 948 |  0.11778421530022841| 0.05685061336419571
 949 |  0.11798697269809673| 0.05242079182846073
 950 |  0.11637645448267334| 0.048666696153318666
 951 |  0.11763812978311841| 0.05080662003223609
 952 |  0.1161162893956463| 0.05469560555979758
 953 |  0.11874038875080317| 0.04915719441692974
 954 |  0.11622190164806345| 0.04858293395149791
 955 |  0.11650210791808399| 0.047962076005211136
 956 |  0.1146299530167091| 0.049337408179677904
 957 |  0.11737165085412109| 0.05976572846719784
 958 |  0.1169594902616711| 0.04959080841156806
 959 |  0.1172962577487401| 0.04985457437095341
 960 |  0.11576569732900213| 0.04949308109043242
 961 |  0.11761074498919336| 0.04933620483509373
 962 |  0.11670656783098689| 0.052061399282398765
 963 |  0.11713464662238893| 0.04775825993591104
 964 |  0.11622235841356969| 0.04865296004068476
 965 |  0.1181598496363999| 0.05001360873059827
 966 |  0.11736756348273371| 0.053446108364035794
 967 |  0.11542232211941643| 0.05070625596495377
 968 |  0.11771855492908809| 0.04948924596772398
 969 |  0.1182705275470864| 0.04730684376291075
 970 |  0.1165768424219488| 0.048067038358034164
 971 |  0.1189837013436792| 0.0488929745895917
 972 |  0.11595599573646254| 0.049374635155759
 973 |  0.11640773970980793| 0.04814573494601143
 974 |  0.11884921015149083| 0.047719723515911555
 975 |  0.11647969474956212| 0.05274043804446876
 976 |  0.11645725489141821| 0.05039111192432328
 977 |  0.11732446070358542| 0.05195336593818366
 978 |  0.11863341399373542| 0.04930687510156406
 979 |  0.11618063332207298| 0.04951540272263648
 980 |  0.11807428935788915| 0.04779249846104046
 981 |  0.11652461940142939| 0.05115882882966619
 982 |  0.11637618324723274| 0.04778262621760088
 983 |  0.1177803344500445| 0.051065567149254955
 984 |  0.11710279701681618| 0.04918789736440485
 985 |  0.11741855282404222| 0.050636143691041934
 986 |  0.11612651408747494| 0.04985337751567306
 987 |  0.11817097874166073| 0.04855273351093351
 988 |  0.1169785350105979| 0.04968200958076851
 989 |  0.11771985853500622| 0.052554345861620985
 990 |  0.11575463736772104| 0.04908195718071394
 991 |  0.11665404895791942| 0.04896663514257622
 992 |  0.11718554807243746| 0.05102208443849205
 993 |  0.11663697277061409| 0.05069145658607975
 994 |  0.11571650750331536| 0.048039391366296244
 995 |  0.1140103960141073| 0.0474764538908563
 996 |  0.11855926783353919| 0.04860427070436046
 997 |  0.11825433260589258| 0.047851128828971794
 998 |  0.11670279597167367| 0.04782639075995861
 999 |  0.11600324528079979| 0.0539397107234117
